time_s,amplitude_mV
0.0000,0.01132
0.0040,-0.00181
0.0080,0.01998
0.0120,0.01724
0.0160,0.00740
0.0200,0.00196
0.0240,-0.00317
0.0280,-0.01582
0.0320,0.02141
0.0360,-0.02919
0.0400,-0.00179
0.0440,0.00661
0.0480,0.01742
0.0520,0.03132
0.0560,0.02017
0.0600,0.00127
0.0640,0.01694
0.0680,-0.01253
0.0720,0.02821
0.0760,0.00479
0.0800,-0.00259
0.0840,-0.00170
0.0880,0.00734
0.0920,0.00274
0.0960,0.04335
0.1000,-0.00140
0.1040,0.01024
0.1080,0.01055
0.1120,0.01093
0.1160,0.01172
0.1200,0.00406
0.1240,0.00294
0.1280,-0.00081
0.1320,-0.00975
0.1360,0.01632
0.1400,0.02839
0.1440,0.00610
0.1480,0.00660
0.1520,0.01110
0.1560,0.00998
0.1600,-0.00338
0.1640,0.04020
0.1680,0.02822
0.1720,0.01330
0.1760,0.03128
0.1800,0.02368
0.1840,0.03120
0.1880,0.04470
0.1920,0.05921
0.1960,0.07424
0.2000,0.08441
0.2040,0.06337
0.2080,0.06866
0.2120,0.08739
0.2160,0.09810
0.2200,0.09578
0.2240,0.10822
0.2280,0.14029
0.2320,0.16282
0.2360,0.14412
0.2400,0.14606
0.2440,0.15844
0.2480,0.15308
0.2520,0.16745
0.2560,0.17951
0.2600,0.17164
0.2640,0.18913
0.2680,0.16880
0.2720,0.16802
0.2760,0.15140
0.2800,0.16503
0.2840,0.11775
0.2880,0.12175
0.2920,0.09866
0.2960,0.11864
0.3000,0.10924
0.3040,0.07948
0.3080,0.10345
0.3120,0.06622
0.3160,0.04284
0.3200,0.05304
0.3240,0.05698
0.3280,0.04275
0.3320,0.07481
0.3360,0.04720
0.3400,0.05144
0.3440,0.03277
0.3480,-0.03441
0.3520,-0.04733
0.3560,-0.13075
0.3600,-0.16680
0.3640,-0.22799
0.3680,-0.36202
0.3720,-0.47064
0.3760,-0.55704
0.3800,-0.61475
0.3840,-0.63108
0.3880,-0.53653
0.3920,-0.31944
0.3960,-0.02176
0.4000,0.35391
0.4040,0.77438
0.4080,1.14515
0.4120,1.41920
0.4160,1.56295
0.4200,1.46936
0.4240,1.24185
0.4280,0.92481
0.4320,0.48693
0.4360,0.12439
0.4400,-0.23988
0.4440,-0.47283
0.4480,-0.59044
0.4520,-0.61161
0.4560,-0.56817
0.4600,-0.49375
0.4640,-0.38519
0.4680,-0.26553
0.4720,-0.17441
0.4760,-0.11171
0.4800,-0.04160
0.4840,0.00433
0.4880,0.01600
0.4920,0.05191
0.4960,0.04366
0.5000,0.04071
0.5040,0.04814
0.5080,0.04087
0.5120,0.03604
0.5160,0.06083
0.5200,0.04315
0.5240,0.05305
0.5280,0.05980
0.5320,0.06992
0.5360,0.07439
0.5400,0.07196
0.5440,0.04623
0.5480,0.07654
0.5520,0.07286
0.5560,0.08812
0.5600,0.11042
0.5640,0.11385
0.5680,0.11181
0.5720,0.12331
0.5760,0.10112
0.5800,0.13460
0.5840,0.14978
0.5880,0.13905
0.5920,0.16543
0.5960,0.16381
0.6000,0.19513
0.6040,0.20775
0.6080,0.19445
0.6120,0.23607
0.6160,0.22319
0.6200,0.26907
0.6240,0.24299
0.6280,0.26359
0.6320,0.27807
0.6360,0.27574
0.6400,0.27305
0.6440,0.29858
0.6480,0.33803
0.6520,0.32771
0.6560,0.33798
0.6600,0.37524
0.6640,0.36877
0.6680,0.37997
0.6720,0.38938
0.6760,0.36928
0.6800,0.39002
0.6840,0.39460
0.6880,0.39308
0.6920,0.38106
0.6960,0.40527
0.7000,0.37316
0.7040,0.38255
0.7080,0.38191
0.7120,0.38422
0.7160,0.39830
0.7200,0.40480
0.7240,0.39909
0.7280,0.37775
0.7320,0.36382
0.7360,0.31300
0.7400,0.35515
0.7440,0.36720
0.7480,0.32363
0.7520,0.30901
0.7560,0.30433
0.7600,0.29289
0.7640,0.27197
0.7680,0.25226
0.7720,0.25123
0.7760,0.21327
0.7800,0.19382
0.7840,0.23092
0.7880,0.19236
0.7920,0.19904
0.7960,0.20107
0.8000,0.18593
0.8040,0.14965
0.8080,0.15362
0.8120,0.12254
0.8160,0.13025
0.8200,0.13980
0.8240,0.11739
0.8280,0.06744
0.8320,0.07023
0.8360,0.08625
0.8400,0.11301
0.8440,0.09118
0.8480,0.08592
0.8520,0.06007
0.8560,0.07839
0.8600,0.03881
0.8640,0.07514
0.8680,0.08509
0.8720,0.05280
0.8760,0.07925
0.8800,0.05035
0.8840,0.06173
0.8880,0.05605
0.8920,0.05824
0.8960,0.07863
0.9000,0.06798
0.9040,0.04375
0.9080,0.01171
0.9120,0.06597
0.9160,0.06345
0.9200,0.05400
0.9240,0.04274
0.9280,0.07474
0.9320,0.02367
0.9360,0.03848
0.9400,0.02808
0.9440,0.05554
0.9480,0.04294
0.9520,0.08167
0.9560,0.05045
0.9600,0.04692
0.9640,0.05960
0.9680,0.04076
0.9720,0.03650
0.9760,0.06215
0.9800,0.04857
0.9840,0.07284
0.9880,0.06608
0.9920,0.06634
0.9960,0.06989
1.0000,0.07264
1.0040,0.08597
1.0080,0.08070
1.0120,0.06494
1.0160,0.10393
1.0200,0.10502
1.0240,0.10100
1.0280,0.14347
1.0320,0.13630
1.0360,0.12595
1.0400,0.16071
1.0440,0.16069
1.0480,0.15324
1.0520,0.19009
1.0560,0.17473
1.0600,0.20459
1.0640,0.18179
1.0680,0.20939
1.0720,0.19866
1.0760,0.18961
1.0800,0.17065
1.0840,0.18809
1.0880,0.17339
1.0920,0.15080
1.0960,0.15473
1.1000,0.12012
1.1040,0.10576
1.1080,0.11321
1.1120,0.10584
1.1160,0.10195
1.1200,0.08799
1.1240,0.09790
1.1280,0.05298
1.1320,0.07459
1.1360,0.06360
1.1400,0.07466
1.1440,0.04945
1.1480,0.04340
1.1520,0.05195
1.1560,0.01723
1.1600,-0.01664
1.1640,-0.07767
1.1680,-0.13449
1.1720,-0.24649
1.1760,-0.33740
1.1800,-0.42716
1.1840,-0.56802
1.1880,-0.61241
1.1920,-0.62501
1.1960,-0.54225
1.2000,-0.38963
1.2040,-0.10391
1.2080,0.31738
1.2120,0.71309
1.2160,1.10141
1.2200,1.40976
1.2240,1.53068
1.2280,1.46593
1.2320,1.28910
1.2360,0.97402
1.2400,0.55341
1.2440,0.15070
1.2480,-0.20230
1.2520,-0.42496
1.2560,-0.57271
1.2600,-0.66108
1.2640,-0.56872
1.2680,-0.52205
1.2720,-0.37083
1.2760,-0.31121
1.2800,-0.17846
1.2840,-0.12652
1.2880,-0.06367
1.2920,-0.00908
1.2960,-0.00814
1.3000,0.02327
1.3040,0.03241
1.3080,0.05110
1.3120,0.05703
1.3160,0.06693
1.3200,0.04506
1.3240,0.04829
1.3280,0.03537
1.3320,0.03431
1.3360,0.02816
1.3400,0.04704
1.3440,0.05555
1.3480,0.05661
1.3520,0.06839
1.3560,0.04332
1.3600,0.09394
1.3640,0.07728
1.3680,0.09425
1.3720,0.08869
1.3760,0.07650
1.3800,0.09140
1.3840,0.05396
1.3880,0.11430
1.3920,0.11821
1.3960,0.14611
1.4000,0.11072
1.4040,0.14548
1.4080,0.15212
1.4120,0.14820
1.4160,0.15593
1.4200,0.17145
1.4240,0.21522
1.4280,0.22683
1.4320,0.20217
1.4360,0.23305
1.4400,0.25442
1.4440,0.26387
1.4480,0.24770
1.4520,0.27266
1.4560,0.27100
1.4600,0.31818
1.4640,0.35173
1.4680,0.32128
1.4720,0.29837
1.4760,0.35056
1.4800,0.36850
1.4840,0.37326
1.4880,0.35850
1.4920,0.36788
1.4960,0.36417
1.5000,0.37527
1.5040,0.37916
1.5080,0.35316
1.5120,0.35396
1.5160,0.35480
1.5200,0.35253
1.5240,0.35386
1.5280,0.36173
1.5320,0.31835
1.5360,0.34382
1.5400,0.31834
1.5440,0.26880
1.5480,0.29562
1.5520,0.28672
1.5560,0.28775
1.5600,0.27666
1.5640,0.25568
1.5680,0.23129
1.5720,0.24537
1.5760,0.20842
1.5800,0.18827
1.5840,0.18409
1.5880,0.17340
1.5920,0.16776
1.5960,0.15103
1.6000,0.14089
1.6040,0.14647
1.6080,0.13670
1.6120,0.12260
1.6160,0.10029
1.6200,0.08574
1.6240,0.08360
1.6280,0.07670
1.6320,0.08386
1.6360,0.05988
1.6400,0.03935
1.6440,0.03869
1.6480,0.07200
1.6520,0.02630
1.6560,0.01650
1.6600,0.02667
1.6640,0.05343
1.6680,0.02479
1.6720,0.02441
1.6760,-0.00665
1.6800,-0.00821
1.6840,0.01177
1.6880,0.00272
1.6920,0.01343
1.6960,-0.01075
1.7000,0.01996
1.7040,0.02307
1.7080,-0.02181
1.7120,0.00388
1.7160,-0.00506
1.7200,0.01979
1.7240,0.00065
1.7280,0.01075
1.7320,-0.00543
1.7360,-0.00026
1.7400,0.02639
1.7440,0.02495
1.7480,-0.03218
1.7520,-0.00152
1.7560,-0.00408
1.7600,-0.02423
1.7640,-0.02002
1.7680,-0.00605
1.7720,0.00526
1.7760,-0.00140
1.7800,-0.01559
1.7840,-0.02515
1.7880,-0.04038
1.7920,0.01460
1.7960,-0.01610
1.8000,-0.01954
1.8040,-0.00006
1.8080,-0.00439
1.8120,-0.00076
1.8160,0.01261
1.8200,-0.00054
1.8240,-0.00430
1.8280,0.01508
1.8320,0.02473
1.8360,0.01481
1.8400,0.02276
1.8440,0.03254
1.8480,0.06997
1.8520,0.08838
1.8560,0.09674
1.8600,0.07386
1.8640,0.08667
1.8680,0.08672
1.8720,0.14122
1.8760,0.11290
1.8800,0.12454
1.8840,0.12116
1.8880,0.13213
1.8920,0.11326
1.8960,0.11711
1.9000,0.10832
1.9040,0.08041
1.9080,0.11212
1.9120,0.11056
1.9160,0.10431
1.9200,0.10279
1.9240,0.08298
1.9280,0.05695
1.9320,0.05571
1.9360,0.02957
1.9400,0.04001
1.9440,0.01514
1.9480,-0.02331
1.9520,0.00399
1.9560,-0.00104
1.9600,-0.02556
1.9640,-0.00682
1.9680,-0.00293
1.9720,-0.04700
1.9760,-0.03136
1.9800,-0.04973
1.9840,-0.10770
1.9880,-0.14565
1.9920,-0.21955
1.9960,-0.29635
2.0000,-0.39102
2.0040,-0.48489
2.0080,-0.61715
2.0120,-0.70500
2.0160,-0.74299
2.0200,-0.63219
2.0240,-0.46183
2.0280,-0.15212
2.0320,0.22044
2.0360,0.60358
2.0400,1.01868
2.0440,1.30455
2.0480,1.45222
2.0520,1.42167
2.0560,1.24763
2.0600,0.91368
2.0640,0.50689
2.0680,0.11580
2.0720,-0.25220
2.0760,-0.50801
2.0800,-0.65022
2.0840,-0.70809
2.0880,-0.68768
2.0920,-0.55761
2.0960,-0.46106
2.1000,-0.38467
2.1040,-0.28279
2.1080,-0.20631
2.1120,-0.15579
2.1160,-0.08792
2.1200,-0.04509
2.1240,-0.04591
2.1280,-0.01885
2.1320,-0.04293
2.1360,-0.02931
2.1400,-0.04485
2.1440,-0.02880
2.1480,-0.01129
2.1520,-0.01489
2.1560,-0.00830
2.1600,-0.02749
2.1640,-0.00516
2.1680,0.00575
2.1720,-0.00437
2.1760,-0.03011
2.1800,-0.00107
2.1840,0.00274
2.1880,-0.00619
2.1920,-0.00630
2.1960,0.00273
2.2000,0.03839
2.2040,0.02990
2.2080,0.06022
2.2120,0.01597
2.2160,0.05754
2.2200,0.08398
2.2240,0.09672
2.2280,0.07089
2.2320,0.11303
2.2360,0.11615
2.2400,0.12843
2.2440,0.12518
2.2480,0.14866
2.2520,0.15898
2.2560,0.14811
2.2600,0.12857
2.2640,0.19818
2.2680,0.20890
2.2720,0.21587
2.2760,0.21008
2.2800,0.22112
2.2840,0.21422
2.2880,0.27226
2.2920,0.25612
2.2960,0.27882
2.3000,0.26892
2.3040,0.24599
2.3080,0.29937
2.3120,0.31095
2.3160,0.32478
2.3200,0.29829
2.3240,0.29481
2.3280,0.30510
2.3320,0.28692
2.3360,0.28795
2.3400,0.30771
2.3440,0.29135
2.3480,0.28220
2.3520,0.29023
2.3560,0.27244
2.3600,0.30617
2.3640,0.25720
2.3680,0.27565
2.3720,0.25298
2.3760,0.24658
2.3800,0.22635
2.3840,0.20736
2.3880,0.19784
2.3920,0.17678
2.3960,0.17928
2.4000,0.17607
2.4040,0.11277
2.4080,0.11820
2.4120,0.10729
2.4160,0.12328
2.4200,0.11145
2.4240,0.08479
2.4280,0.10285
2.4320,0.06428
2.4360,0.06825
2.4400,0.06274
2.4440,0.03948
2.4480,0.04915
2.4520,0.02014
2.4560,0.01805
2.4600,0.01317
2.4640,0.01651
2.4680,0.02089
2.4720,-0.01743
2.4760,-0.03167
2.4800,-0.00548
2.4840,-0.05096
2.4880,-0.02242
2.4920,-0.01780
2.4960,-0.05577
2.5000,-0.04471
2.5040,-0.03909
2.5080,-0.03831
2.5120,-0.03844
2.5160,-0.03402
2.5200,-0.03104
2.5240,-0.06638
2.5280,-0.02501
2.5320,-0.04895
2.5360,-0.05170
2.5400,-0.02944
2.5440,-0.05476
2.5480,-0.06032
2.5520,-0.07589
2.5560,-0.02900
2.5600,-0.07493
2.5640,-0.06813
2.5680,-0.08048
2.5720,-0.05468
2.5760,-0.07682
2.5800,-0.03126
2.5840,-0.05923
2.5880,-0.06645
2.5920,-0.04329
2.5960,-0.06510
2.6000,-0.05080
2.6040,-0.03522
2.6080,-0.06088
2.6120,-0.05432
2.6160,-0.05978
2.6200,-0.05326
2.6240,-0.00258
2.6280,-0.08028
2.6320,-0.03442
2.6360,-0.04700
2.6400,-0.05801
2.6440,-0.03191
2.6480,-0.02788
2.6520,-0.05945
2.6560,-0.04640
2.6600,-0.05309
2.6640,-0.03572
2.6680,-0.03796
2.6720,-0.03859
2.6760,-0.02901
2.6800,-0.02431
2.6840,-0.00547
2.6880,-0.03572
2.6920,-0.01794
2.6960,0.02645
2.7000,-0.01227
2.7040,0.02416
2.7080,0.00016
2.7120,0.03554
2.7160,0.03229
2.7200,0.05155
2.7240,0.05153
2.7280,0.08558
2.7320,0.07518
2.7360,0.08196
2.7400,0.09915
2.7440,0.08745
2.7480,0.06739
2.7520,0.08251
2.7560,0.09490
2.7600,0.13015
2.7640,0.13536
2.7680,0.07602
2.7720,0.09211
2.7760,0.07162
2.7800,0.07673
2.7840,0.04405
2.7880,0.05865
2.7920,0.03108
2.7960,0.01512
2.8000,0.01346
2.8040,-0.01606
2.8080,0.01587
2.8120,-0.01478
2.8160,0.01368
2.8200,-0.00232
2.8240,-0.00190
2.8280,-0.03189
2.8320,-0.01168
2.8360,-0.01913
2.8400,-0.05551
2.8440,-0.06498
2.8480,-0.06970
2.8520,-0.12795
2.8560,-0.19721
2.8600,-0.24632
2.8640,-0.34016
2.8680,-0.48131
2.8720,-0.57092
2.8760,-0.66597
2.8800,-0.68930
2.8840,-0.67984
2.8880,-0.51008
2.8920,-0.26796
2.8960,0.05663
2.9000,0.45695
2.9040,0.85131
2.9080,1.22805
2.9120,1.40182
2.9160,1.45581
2.9200,1.35396
2.9240,1.05383
2.9280,0.66606
2.9320,0.25434
2.9360,-0.12996
2.9400,-0.44374
2.9440,-0.60381
2.9480,-0.71213
2.9520,-0.65508
2.9560,-0.64204
2.9600,-0.51834
2.9640,-0.40126
2.9680,-0.30713
2.9720,-0.21140
2.9760,-0.13586
2.9800,-0.07774
2.9840,-0.06637
2.9880,-0.04893
2.9920,-0.03113
2.9960,-0.02854
3.0000,-0.03593
3.0040,-0.02139
3.0080,-0.00012
3.0120,-0.01507
3.0160,-0.01435
3.0200,-0.01394
3.0240,-0.00055
3.0280,-0.00000
3.0320,0.00378
3.0360,-0.00440
3.0400,-0.03105
3.0440,-0.00067
3.0480,0.01288
3.0520,0.00481
3.0560,0.03452
3.0600,0.01676
3.0640,0.00342
3.0680,0.05644
3.0720,0.04800
3.0760,0.05971
3.0800,0.04136
3.0840,0.07189
3.0880,0.08469
3.0920,0.09805
3.0960,0.12115
3.1000,0.10883
3.1040,0.12633
3.1080,0.16713
3.1120,0.15119
3.1160,0.18740
3.1200,0.15158
3.1240,0.18779
3.1280,0.22157
3.1320,0.22590
3.1360,0.25058
3.1400,0.23413
3.1440,0.25340
3.1480,0.22704
3.1520,0.25224
3.1560,0.29160
3.1600,0.28372
3.1640,0.31475
3.1680,0.30530
3.1720,0.32515
3.1760,0.31026
3.1800,0.31223
3.1840,0.34842
3.1880,0.34351
3.1920,0.33684
3.1960,0.35004
3.2000,0.35033
3.2040,0.35245
3.2080,0.32750
3.2120,0.31736
3.2160,0.32443
3.2200,0.32316
3.2240,0.29109
3.2280,0.26993
3.2320,0.30102
3.2360,0.30421
3.2400,0.27782
3.2440,0.26170
3.2480,0.25754
3.2520,0.24678
3.2560,0.21691
3.2600,0.22465
3.2640,0.22662
3.2680,0.20310
3.2720,0.18322
3.2760,0.18516
3.2800,0.17161
3.2840,0.13595
3.2880,0.16015
3.2920,0.14252
3.2960,0.12531
3.3000,0.11763
3.3040,0.10486
3.3080,0.08173
3.3120,0.09437
3.3160,0.07767
3.3200,0.08687
3.3240,0.05546
3.3280,0.04573
3.3320,0.03841
3.3360,0.06211
3.3400,0.04115
3.3440,0.02929
3.3480,0.01467
3.3520,0.06846
3.3560,0.02860
3.3600,0.01499
3.3640,0.01499
3.3680,0.03748
3.3720,0.01379
3.3760,0.00039
3.3800,0.01381
3.3840,0.03855
3.3880,0.03183
3.3920,0.03218
3.3960,0.00156
3.4000,-0.01044
3.4040,0.00510
3.4080,0.00429
3.4120,0.01039
3.4160,0.02402
3.4200,0.00179
3.4240,-0.00134
3.4280,-0.00611
3.4320,0.02139
3.4360,0.01676
3.4400,0.02426
3.4440,-0.00820
3.4480,0.00411
3.4520,0.03091
3.4560,0.01795
3.4600,0.02994
3.4640,0.02706
3.4680,0.02402
3.4720,0.00427
3.4760,0.01225
3.4800,0.01931
3.4840,0.05048
3.4880,0.02721
3.4920,0.01567
3.4960,0.02111
3.5000,0.02633
3.5040,0.01881
3.5080,0.03498
3.5120,0.04329
3.5160,0.06709
3.5200,0.05708
3.5240,0.04368
3.5280,0.03530
3.5320,0.03290
3.5360,0.07324
3.5400,0.08492
3.5440,0.09787
3.5480,0.08995
3.5520,0.09577
3.5560,0.10490
3.5600,0.12921
3.5640,0.09646
3.5680,0.11139
3.5720,0.10972
3.5760,0.14864
3.5800,0.16049
3.5840,0.18579
3.5880,0.17224
3.5920,0.18139
3.5960,0.17153
3.6000,0.16393
3.6040,0.15096
3.6080,0.16564
3.6120,0.15433
3.6160,0.13072
3.6200,0.12907
3.6240,0.11168
3.6280,0.10493
3.6320,0.12631
3.6360,0.10349
3.6400,0.09641
3.6440,0.06556
3.6480,0.06320
3.6520,0.08294
3.6560,0.04797
3.6600,0.04311
3.6640,0.05713
3.6680,0.05939
3.6720,0.05397
3.6760,0.03026
3.6800,0.00483
3.6840,-0.00053
3.6880,-0.02928
3.6920,-0.08639
3.6960,-0.15159
3.7000,-0.22201
3.7040,-0.30703
3.7080,-0.47331
3.7120,-0.55082
3.7160,-0.64536
3.7200,-0.62873
3.7240,-0.55304
3.7280,-0.32936
3.7320,-0.05691
3.7360,0.29601
3.7400,0.74679
3.7440,1.08229
3.7480,1.40203
3.7520,1.55578
3.7560,1.49590
3.7600,1.29401
3.7640,0.95608
3.7680,0.54340
3.7720,0.14685
3.7760,-0.22499
3.7800,-0.44315
3.7840,-0.60191
3.7880,-0.61749
3.7920,-0.59549
3.7960,-0.50357
3.8000,-0.39514
3.8040,-0.29413
3.8080,-0.17761
3.8120,-0.11274
3.8160,-0.06803
3.8200,-0.02035
3.8240,0.00919
3.8280,0.03368
3.8320,0.04030
3.8360,0.03607
3.8400,0.05098
3.8440,0.08308
3.8480,0.04764
3.8520,0.01151
3.8560,0.03891
3.8600,0.04864
3.8640,0.07889
3.8680,0.08247
3.8720,0.06002
3.8760,0.07431
3.8800,0.07338
3.8840,0.06056
3.8880,0.08542
3.8920,0.09487
3.8960,0.07906
3.9000,0.10477
3.9040,0.12484
3.9080,0.08933
3.9120,0.12557
3.9160,0.14269
3.9200,0.15500
3.9240,0.13203
3.9280,0.15255
3.9320,0.16908
3.9360,0.19493
3.9400,0.21951
3.9440,0.20472
3.9480,0.23221
3.9520,0.22218
3.9560,0.23161
3.9600,0.26537
3.9640,0.28593
3.9680,0.30186
3.9720,0.27500
3.9760,0.28266
3.9800,0.33450
3.9840,0.28885
3.9880,0.32839
3.9920,0.33256
3.9960,0.37267
4.0000,0.36258
4.0040,0.37675
4.0080,0.37867
4.0120,0.37849
4.0160,0.39649
4.0200,0.37795
4.0240,0.37962
4.0280,0.39091
4.0320,0.39544
4.0360,0.38726
4.0400,0.39857
4.0440,0.42767
4.0480,0.38689
4.0520,0.39991
4.0560,0.37619
4.0600,0.39169
4.0640,0.34937
4.0680,0.37181
4.0720,0.35452
4.0760,0.34563
4.0800,0.31009
4.0840,0.31119
4.0880,0.32732
4.0920,0.27230
4.0960,0.27726
4.1000,0.27820
4.1040,0.28879
4.1080,0.26535
4.1120,0.25582
4.1160,0.21642
4.1200,0.21471
4.1240,0.18936
4.1280,0.18492
4.1320,0.18061
4.1360,0.15738
4.1400,0.17879
4.1440,0.15041
4.1480,0.13548
4.1520,0.11946
4.1560,0.14377
4.1600,0.12745
4.1640,0.10646
4.1680,0.08647
4.1720,0.11068
4.1760,0.09101
4.1800,0.10283
4.1840,0.08434
4.1880,0.10131
4.1920,0.07560
4.1960,0.09689
4.2000,0.08216
4.2040,0.04733
4.2080,0.06071
4.2120,0.08638
4.2160,0.06535
4.2200,0.05166
4.2240,0.05946
4.2280,0.07410
4.2320,0.06139
4.2360,0.05190
4.2400,0.02854
4.2440,0.07835
4.2480,0.03861
4.2520,0.06784
4.2560,0.02822
4.2600,0.04272
4.2640,0.03764
4.2680,0.06315
4.2720,0.04134
4.2760,0.05827
4.2800,0.07568
4.2840,0.05120
4.2880,0.03581
4.2920,0.04424
4.2960,0.03371
4.3000,0.06126
4.3040,0.05900
4.3080,0.05298
4.3120,0.03242
4.3160,0.01526
4.3200,0.04280
4.3240,0.04318
4.3280,0.03343
4.3320,0.03469
4.3360,0.04260
4.3400,0.06027
4.3440,0.01747
4.3480,0.04188
4.3520,0.06357
4.3560,0.01839
4.3600,0.05002
4.3640,0.05466
4.3680,0.05799
4.3720,0.08651
4.3760,0.06231
4.3800,0.05659
4.3840,0.06520
4.3880,0.07841
4.3920,0.07075
4.3960,0.06893
4.4000,0.08838
4.4040,0.10531
4.4080,0.14407
4.4120,0.11975
4.4160,0.13046
4.4200,0.12893
4.4240,0.17945
4.4280,0.17386
4.4320,0.18840
4.4360,0.19004
4.4400,0.17744
4.4440,0.19462
4.4480,0.17818
4.4520,0.19965
4.4560,0.20812
4.4600,0.22467
4.4640,0.16667
4.4680,0.19104
4.4720,0.17704
4.4760,0.13681
4.4800,0.14771
4.4840,0.15395
4.4880,0.11350
4.4920,0.11919
4.4960,0.10027
4.5000,0.09863
4.5040,0.07382
4.5080,0.07833
4.5120,0.07715
4.5160,0.05551
4.5200,0.04533
4.5240,0.05084
4.5280,0.03759
4.5320,0.03685
4.5360,0.01206
4.5400,0.01700
4.5440,-0.02285
4.5480,-0.09333
4.5520,-0.11416
4.5560,-0.23268
4.5600,-0.32762
4.5640,-0.41732
4.5680,-0.55186
4.5720,-0.58371
4.5760,-0.66462
4.5800,-0.60067
4.5840,-0.37541
4.5880,-0.11437
4.5920,0.27943
4.5960,0.67585
4.6000,1.07062
4.6040,1.37559
4.6080,1.52326
4.6120,1.49379
4.6160,1.29629
4.6200,0.97315
4.6240,0.56591
4.6280,0.18796
4.6320,-0.19800
4.6360,-0.43671
4.6400,-0.58549
4.6440,-0.66417
4.6480,-0.59927
4.6520,-0.50196
4.6560,-0.41362
4.6600,-0.29013
4.6640,-0.20392
4.6680,-0.12256
4.6720,-0.05456
4.6760,-0.03014
4.6800,0.00667
4.6840,-0.00915
4.6880,0.02511
4.6920,0.00257
4.6960,0.02626
4.7000,0.02448
4.7040,0.04270
4.7080,0.03178
4.7120,0.06772
4.7160,0.03582
4.7200,0.02794
4.7240,0.01499
4.7280,0.04862
4.7320,0.04705
4.7360,0.06706
4.7400,0.07245
4.7440,0.07514
4.7480,0.05447
4.7520,0.05478
4.7560,0.07269
4.7600,0.07149
4.7640,0.09375
4.7680,0.09435
4.7720,0.11717
4.7760,0.10669
4.7800,0.09540
4.7840,0.14258
4.7880,0.18046
4.7920,0.16145
4.7960,0.13891
4.8000,0.15075
4.8040,0.20819
4.8080,0.19346
4.8120,0.20692
4.8160,0.21016
4.8200,0.24544
4.8240,0.24546
4.8280,0.23589
4.8320,0.25791
4.8360,0.27232
4.8400,0.28039
4.8440,0.30907
4.8480,0.29472
4.8520,0.31062
4.8560,0.35025
4.8600,0.35946
4.8640,0.36879
4.8680,0.35252
4.8720,0.36382
4.8760,0.34320
4.8800,0.34753
4.8840,0.33745
4.8880,0.36787
4.8920,0.37065
4.8960,0.36718
4.9000,0.35053
4.9040,0.34586
4.9080,0.36088
4.9120,0.32548
4.9160,0.33674
4.9200,0.34424
4.9240,0.32509
4.9280,0.31373
4.9320,0.30515
4.9360,0.29381
4.9400,0.27340
4.9440,0.23853
4.9480,0.22368
4.9520,0.24347
4.9560,0.22345
4.9600,0.24172
4.9640,0.20416
4.9680,0.22204
4.9720,0.16491
4.9760,0.18708
4.9800,0.16127
4.9840,0.16275
4.9880,0.11870
4.9920,0.10905
4.9960,0.10263
5.0000,0.12362
5.0040,0.09938
5.0080,0.10201
5.0120,0.05858
5.0160,0.09218
5.0200,0.07889
5.0240,0.04407
5.0280,0.03603
5.0320,0.04048
5.0360,0.04438
5.0400,0.02845
5.0440,0.03618
5.0480,0.00505
5.0520,0.03889
5.0560,0.03343
5.0600,0.02589
5.0640,-0.00571
5.0680,0.02188
5.0720,-0.01158
5.0760,0.02389
5.0800,-0.01762
5.0840,-0.00345
5.0880,0.01070
5.0920,-0.01888
5.0960,-0.03308
5.1000,-0.01336
5.1040,-0.01371
5.1080,-0.01435
5.1120,-0.00640
5.1160,-0.01017
5.1200,-0.00893
5.1240,-0.02353
5.1280,-0.01784
5.1320,-0.00530
5.1360,-0.02636
5.1400,-0.02997
5.1440,-0.01399
5.1480,0.01995
5.1520,0.01859
5.1560,-0.05003
5.1600,-0.02175
5.1640,-0.01759
5.1680,-0.01769
5.1720,-0.01686
5.1760,-0.02546
5.1800,-0.01956
5.1840,-0.03412
5.1880,-0.04092
5.1920,-0.03328
5.1960,-0.01635
5.2000,-0.00607
5.2040,0.02047
5.2080,-0.02382
5.2120,0.00259
5.2160,-0.01091
5.2200,-0.01294
5.2240,0.00621
5.2280,-0.00208
5.2320,-0.00659
5.2360,-0.00026
5.2400,0.00261
5.2440,0.00854
5.2480,0.03976
5.2520,0.04503
5.2560,0.03475
5.2600,0.03902
5.2640,0.08569
5.2680,0.07846
5.2720,0.08883
5.2760,0.09713
5.2800,0.10539
5.2840,0.10017
5.2880,0.13606
5.2920,0.13801
5.2960,0.12526
5.3000,0.08352
5.3040,0.12045
5.3080,0.11601
5.3120,0.11856
5.3160,0.10892
5.3200,0.11105
5.3240,0.08005
5.3280,0.03738
5.3320,0.08931
5.3360,0.08084
5.3400,0.04969
5.3440,0.00716
5.3480,0.03443
5.3520,0.01247
5.3560,-0.01296
5.3600,0.00919
5.3640,0.03165
5.3680,-0.01165
5.3720,-0.02013
5.3760,-0.04304
5.3800,-0.04197
5.3840,-0.02101
5.3880,-0.07374
5.3920,-0.10889
5.3960,-0.15473
5.4000,-0.20713
5.4040,-0.31384
5.4080,-0.39368
5.4120,-0.52507
5.4160,-0.60735
5.4200,-0.66338
5.4240,-0.70756
5.4280,-0.61629
5.4320,-0.42322
5.4360,-0.13392
5.4400,0.23859
5.4440,0.66105
5.4480,0.98793
5.4520,1.31102
5.4560,1.43971
5.4600,1.42516
5.4640,1.23631
5.4680,0.88648
5.4720,0.47194
5.4760,0.08526
5.4800,-0.23582
5.4840,-0.52712
5.4880,-0.66923
5.4920,-0.70139
5.4960,-0.67250
5.5000,-0.56892
5.5040,-0.49157
5.5080,-0.37269
5.5120,-0.30428
5.5160,-0.19013
5.5200,-0.13138
5.5240,-0.10690
5.5280,-0.08370
5.5320,-0.05103
5.5360,-0.00514
5.5400,-0.05977
5.5440,-0.03007
5.5480,-0.03780
5.5520,-0.07082
5.5560,-0.01761
5.5600,-0.02732
5.5640,-0.03836
5.5680,-0.02663
5.5720,-0.03177
5.5760,0.00116
5.5800,-0.02896
5.5840,-0.03719
5.5880,-0.00940
5.5920,-0.01476
5.5960,0.02709
5.6000,0.00296
5.6040,0.03176
5.6080,0.01629
5.6120,0.00319
5.6160,0.06764
5.6200,0.03040
5.6240,0.04132
5.6280,0.07693
5.6320,0.08569
5.6360,0.08550
5.6400,0.09459
5.6440,0.12726
5.6480,0.13401
5.6520,0.13454
5.6560,0.13478
5.6600,0.11052
5.6640,0.16132
5.6680,0.16070
5.6720,0.20713
5.6760,0.18972
5.6800,0.20000
5.6840,0.21030
5.6880,0.23502
5.6920,0.23176
5.6960,0.25706
5.7000,0.27734
5.7040,0.26771
5.7080,0.28507
5.7120,0.29101
5.7160,0.29747
5.7200,0.26906
5.7240,0.28468
5.7280,0.30519
5.7320,0.30811
5.7360,0.30402
5.7400,0.26491
5.7440,0.28530
5.7480,0.26757
5.7520,0.31910
5.7560,0.26531
5.7600,0.28492
5.7640,0.28866
5.7680,0.25528
5.7720,0.24082
5.7760,0.24859
5.7800,0.20787
5.7840,0.22871
5.7880,0.20943
5.7920,0.21381
5.7960,0.16585
5.8000,0.19398
5.8040,0.18703
5.8080,0.14701
5.8120,0.15356
5.8160,0.13510
5.8200,0.14787
5.8240,0.12381
5.8280,0.09991
5.8320,0.06422
5.8360,0.05920
5.8400,0.06215
5.8440,0.04682
5.8480,0.04015
5.8520,0.05841
5.8560,0.03587
5.8600,0.04056
5.8640,0.01832
5.8680,0.00938
5.8720,-0.00525
5.8760,-0.01863
5.8800,-0.00379
5.8840,0.01024
5.8880,-0.01626
5.8920,-0.00805
5.8960,-0.03770
5.9000,-0.03103
5.9040,-0.02935
5.9080,-0.02821
5.9120,-0.03453
5.9160,-0.03626
5.9200,-0.04108
5.9240,-0.03172
5.9280,-0.03455
5.9320,-0.04771
5.9360,-0.05528
5.9400,-0.05514
5.9440,-0.01891
5.9480,-0.04010
5.9520,-0.03176
5.9560,-0.03365
5.9600,-0.04493
5.9640,-0.04146
5.9680,-0.04057
5.9720,-0.06958
5.9760,-0.04064
5.9800,-0.05728
5.9840,-0.05817
5.9880,-0.04278
5.9920,-0.00520
5.9960,-0.07212
6.0000,-0.07708
6.0040,-0.04463
6.0080,-0.07563
6.0120,-0.04715
6.0160,-0.07541
6.0200,-0.03622
6.0240,-0.04237
6.0280,-0.05351
6.0320,-0.01902
6.0360,-0.03149
6.0400,-0.02136
6.0440,-0.04413
6.0480,-0.01587
6.0520,-0.03269
6.0560,0.02682
6.0600,0.01272
6.0640,0.01006
6.0680,0.03291
6.0720,0.02877
6.0760,0.03400
6.0800,0.04951
6.0840,0.03078
6.0880,0.06128
6.0920,0.08087
6.0960,0.07516
6.1000,0.12500
6.1040,0.09417
6.1080,0.10766
6.1120,0.13613
6.1160,0.11875
6.1200,0.13760
6.1240,0.10447
6.1280,0.07431
6.1320,0.05313
6.1360,0.06371
6.1400,0.07674
6.1440,0.07790
6.1480,0.06877
6.1520,0.02361
6.1560,0.02339
6.1600,0.03070
6.1640,-0.01846
6.1680,-0.00714
6.1720,0.00222
6.1760,-0.00539
6.1800,-0.00004
6.1840,-0.01809
6.1880,-0.02981
6.1920,-0.04447
6.1960,-0.03385
6.2000,-0.05371
6.2040,-0.05483
6.2080,-0.11321
6.2120,-0.10585
6.2160,-0.20092
6.2200,-0.27400
6.2240,-0.35418
6.2280,-0.46522
6.2320,-0.57582
6.2360,-0.67916
6.2400,-0.73773
6.2440,-0.66347
6.2480,-0.50357
6.2520,-0.25166
6.2560,0.10624
6.2600,0.49159
6.2640,0.88655
6.2680,1.21036
6.2720,1.43561
6.2760,1.45947
6.2800,1.30945
6.2840,1.01644
6.2880,0.62837
6.2920,0.21604
6.2960,-0.14063
6.3000,-0.45085
6.3040,-0.59788
6.3080,-0.67296
6.3120,-0.65675
6.3160,-0.59051
6.3200,-0.51288
6.3240,-0.37795
6.3280,-0.29091
6.3320,-0.20297
6.3360,-0.13370
6.3400,-0.09874
6.3440,-0.06529
6.3480,-0.03509
6.3520,-0.02023
6.3560,-0.01550
6.3600,0.01519
6.3640,0.01220
6.3680,-0.01575
6.3720,-0.01290
6.3760,-0.00619
6.3800,-0.00044
6.3840,0.01682
6.3880,-0.01475
6.3920,-0.01023
6.3960,0.00083
6.4000,0.05194
6.4040,0.03087
6.4080,-0.00817
6.4120,0.02274
6.4160,-0.00098
6.4200,0.03922
6.4240,0.03654
6.4280,0.06652
6.4320,0.07435
6.4360,0.08811
6.4400,0.07660
6.4440,0.09041
6.4480,0.10796
6.4520,0.11025
6.4560,0.09902
6.4600,0.10822
6.4640,0.14116
6.4680,0.12043
6.4720,0.18209
6.4760,0.15532
6.4800,0.19980
6.4840,0.19088
6.4880,0.18342
6.4920,0.22262
6.4960,0.22626
6.5000,0.22304
6.5040,0.27089
6.5080,0.26755
6.5120,0.27558
6.5160,0.31270
6.5200,0.27396
6.5240,0.32821
6.5280,0.32366
6.5320,0.32588
6.5360,0.28754
6.5400,0.33847
6.5440,0.32974
6.5480,0.36189
6.5520,0.33811
6.5560,0.31810
6.5600,0.33076
6.5640,0.33047
6.5680,0.34005
6.5720,0.32600
6.5760,0.34259
6.5800,0.33113
6.5840,0.30431
6.5880,0.33401
6.5920,0.30077
6.5960,0.27234
6.6000,0.26877
6.6040,0.28815
6.6080,0.27607
6.6120,0.25871
6.6160,0.21938
6.6200,0.21088
6.6240,0.20320
6.6280,0.22224
6.6320,0.18679
6.6360,0.18558
6.6400,0.14085
6.6440,0.11781
6.6480,0.14102
6.6520,0.13961
6.6560,0.12414
6.6600,0.11809
6.6640,0.10028
6.6680,0.09772
6.6720,0.09304
6.6760,0.07348
6.6800,0.05247
6.6840,0.06068
6.6880,0.07834
6.6920,0.01802
6.6960,0.03869
6.7000,0.04363
6.7040,0.01786
6.7080,0.05954
6.7120,0.02946
6.7160,0.03397
6.7200,0.01468
6.7240,0.01499
6.7280,0.02031
6.7320,0.01311
6.7360,0.01041
6.7400,0.00355
6.7440,0.02519
6.7480,-0.00693
6.7520,0.03208
6.7560,0.01951
6.7600,0.00993
6.7640,0.02200
6.7680,-0.00712
6.7720,0.00997
6.7760,-0.00403
6.7800,0.01144
6.7840,0.00285
6.7880,-0.00486
6.7920,-0.00308
6.7960,0.01724
6.8000,0.00152
6.8040,-0.00535
6.8080,0.01501
6.8120,0.01937
6.8160,0.01181
6.8200,-0.00545
6.8240,0.03155
6.8280,0.01402
6.8320,0.03651
6.8360,0.01400
6.8400,0.03006
6.8440,-0.00830
6.8480,0.01170
6.8520,0.01109
6.8560,0.04512
6.8600,0.01111
6.8640,0.00231
6.8680,0.01430
6.8720,0.01287
6.8760,0.02594
6.8800,0.01417
6.8840,0.01807
6.8880,0.04757
6.8920,0.00714
6.8960,0.05726
6.9000,0.06732
6.9040,0.07446
6.9080,0.04328
6.9120,0.05482
6.9160,0.08462
6.9200,0.09758
6.9240,0.08378
6.9280,0.13463
6.9320,0.15397
6.9360,0.12940
6.9400,0.14316
6.9440,0.18387
6.9480,0.16902
6.9520,0.17447
6.9560,0.17655
6.9600,0.14566
6.9640,0.16057
6.9680,0.19383
6.9720,0.15307
6.9760,0.18138
6.9800,0.16757
6.9840,0.13665
6.9880,0.15240
6.9920,0.13913
6.9960,0.14995
7.0000,0.11366
7.0040,0.10376
7.0080,0.07530
7.0120,0.11220
7.0160,0.04204
7.0200,0.06976
7.0240,0.06693
7.0280,0.06208
7.0320,0.05696
7.0360,0.04370
7.0400,0.06309
7.0440,0.04773
7.0480,0.03305
7.0520,0.03567
7.0560,-0.04115
7.0600,-0.07837
7.0640,-0.13539
7.0680,-0.24183
7.0720,-0.30496
7.0760,-0.44087
7.0800,-0.53808
7.0840,-0.60852
7.0880,-0.63054
7.0920,-0.57374
7.0960,-0.37689
7.1000,-0.11389
7.1040,0.27407
7.1080,0.67802
7.1120,1.08115
7.1160,1.37896
7.1200,1.52030
7.1240,1.51332
7.1280,1.32319
7.1320,0.99778
7.1360,0.56728
7.1400,0.14467
7.1440,-0.17095
7.1480,-0.46374
7.1520,-0.57613
7.1560,-0.65161
7.1600,-0.58954
7.1640,-0.52859
7.1680,-0.43260
7.1720,-0.32143
7.1760,-0.19022
7.1800,-0.14532
7.1840,-0.04695
7.1880,-0.01224
7.1920,0.03257
7.1960,0.04817
7.2000,0.05993
7.2040,0.02617
7.2080,0.04097
7.2120,0.06242
7.2160,0.04521
7.2200,0.05697
7.2240,0.03695
7.2280,0.06720
7.2320,0.06269
7.2360,0.04871
7.2400,0.08804
7.2440,0.05450
7.2480,0.08464
7.2520,0.09744
7.2560,0.08451
7.2600,0.08901
7.2640,0.11164
7.2680,0.12263
7.2720,0.10733
7.2760,0.10582
7.2800,0.10578
7.2840,0.12084
7.2880,0.16348
7.2920,0.12163
7.2960,0.14785
7.3000,0.14714
7.3040,0.16423
7.3080,0.19118
7.3120,0.19968
7.3160,0.20610
7.3200,0.22542
7.3240,0.23948
7.3280,0.22468
7.3320,0.26276
7.3360,0.26111
7.3400,0.27516
7.3440,0.28816
7.3480,0.28940
7.3520,0.29215
7.3560,0.32889
7.3600,0.34810
7.3640,0.34340
7.3680,0.33923
7.3720,0.37348
7.3760,0.39418
7.3800,0.38047
7.3840,0.41371
7.3880,0.38715
7.3920,0.39929
7.3960,0.39562
7.4000,0.41051
7.4040,0.40561
7.4080,0.41133
7.4120,0.39758
7.4160,0.40555
7.4200,0.40118
7.4240,0.37877
7.4280,0.36874
7.4320,0.33905
7.4360,0.37657
7.4400,0.35471
7.4440,0.32721
7.4480,0.33881
7.4520,0.34568
7.4560,0.31723
7.4600,0.30756
7.4640,0.30135
7.4680,0.27961
7.4720,0.27754
7.4760,0.24012
7.4800,0.23398
7.4840,0.20199
7.4880,0.20839
7.4920,0.19902
7.4960,0.18417
7.5000,0.17586
7.5040,0.14426
7.5080,0.15915
7.5120,0.16593
7.5160,0.15534
7.5200,0.13218
7.5240,0.13674
7.5280,0.11509
7.5320,0.12072
7.5360,0.11165
7.5400,0.09789
7.5440,0.06673
7.5480,0.05663
7.5520,0.09282
7.5560,0.06557
7.5600,0.08750
7.5640,0.10324
7.5680,0.08193
7.5720,0.06426
7.5760,0.07982
7.5800,0.08673
7.5840,0.06058
7.5880,0.07764
7.5920,0.06179
7.5960,0.06377
7.6000,0.03946
7.6040,0.05073
7.6080,0.04169
7.6120,0.04828
7.6160,0.04175
7.6200,0.06265
7.6240,0.03488
7.6280,0.03967
7.6320,0.05425
7.6360,0.04437
7.6400,0.04003
7.6440,0.06712
7.6480,0.04435
7.6520,0.06982
7.6560,0.03293
7.6600,0.00496
7.6640,0.04915
7.6680,0.05000
7.6720,0.07096
7.6760,0.03360
7.6800,0.05128
7.6840,0.03290
7.6880,0.05547
7.6920,0.06524
7.6960,0.05531
7.7000,0.04173
7.7040,0.05994
7.7080,0.07983
7.7120,0.07445
7.7160,0.05641
7.7200,0.05046
7.7240,0.07587
7.7280,0.09431
7.7320,0.09288
7.7360,0.08535
7.7400,0.09309
7.7440,0.12576
7.7480,0.12388
7.7520,0.11727
7.7560,0.13400
7.7600,0.16346
7.7640,0.17101
7.7680,0.16606
7.7720,0.18785
7.7760,0.18132
7.7800,0.17231
7.7840,0.20598
7.7880,0.18848
7.7920,0.18429
7.7960,0.21540
7.8000,0.20039
7.8040,0.18014
7.8080,0.14618
7.8120,0.17018
7.8160,0.14747
7.8200,0.12884
7.8240,0.09895
7.8280,0.14314
7.8320,0.08608
7.8360,0.11782
7.8400,0.08948
7.8440,0.06371
7.8480,0.08116
7.8520,0.05317
7.8560,0.04655
7.8600,0.05155
7.8640,0.04201
7.8680,0.02538
7.8720,0.02954
7.8760,0.01913
7.8800,0.00074
7.8840,-0.06732
7.8880,-0.11443
7.8920,-0.20681
7.8960,-0.26456
7.9000,-0.37475
7.9040,-0.50906
7.9080,-0.56999
7.9120,-0.64202
7.9160,-0.60652
7.9200,-0.46728
7.9240,-0.21138
7.9280,0.13694
7.9320,0.52996
7.9360,0.94639
7.9400,1.28286
7.9440,1.50872
7.9480,1.51673
7.9520,1.40699
7.9560,1.10917
7.9600,0.74101
7.9640,0.32653
7.9680,-0.09085
7.9720,-0.35018
7.9760,-0.56737
7.9800,-0.62057
7.9840,-0.61772
7.9880,-0.55620
7.9920,-0.44044
7.9960,-0.33162
8.0000,-0.21751
8.0040,-0.16964
8.0080,-0.07352
8.0120,-0.04900
8.0160,-0.00886
8.0200,0.00577
8.0240,0.02002
8.0280,0.03477
8.0320,0.02946
8.0360,0.01438
8.0400,0.06775
8.0440,0.04038
8.0480,0.03663
8.0520,0.05687
8.0560,0.03925
8.0600,0.03794
8.0640,0.07532
8.0680,0.04741
8.0720,0.08036
8.0760,0.09241
8.0800,0.04386
8.0840,0.04425
8.0880,0.07132
8.0920,0.09439
8.0960,0.07293
8.1000,0.08176
8.1040,0.07558
8.1080,0.12349
8.1120,0.09986
8.1160,0.10622
8.1200,0.14327
8.1240,0.14956
8.1280,0.15050
8.1320,0.14324
8.1360,0.16455
8.1400,0.17082
8.1440,0.18767
8.1480,0.22027
8.1520,0.22192
8.1560,0.20767
8.1600,0.21636
8.1640,0.25494
8.1680,0.26971
8.1720,0.26246
8.1760,0.26872
8.1800,0.26931
8.1840,0.31584
8.1880,0.32179
8.1920,0.32968
8.1960,0.33936
8.2000,0.33061
8.2040,0.34573
8.2080,0.34146
8.2120,0.34649
8.2160,0.32454
8.2200,0.35772
8.2240,0.36733
8.2280,0.37162
8.2320,0.34300
8.2360,0.38072
8.2400,0.37261
8.2440,0.33684
8.2480,0.33290
8.2520,0.34776
8.2560,0.32744
8.2600,0.31288
8.2640,0.30238
8.2680,0.29753
8.2720,0.30920
8.2760,0.27272
8.2800,0.26617
8.2840,0.27089
8.2880,0.26535
8.2920,0.22727
8.2960,0.20993
8.3000,0.21115
8.3040,0.20365
8.3080,0.16814
8.3120,0.20755
8.3160,0.14864
8.3200,0.15988
8.3240,0.12412
8.3280,0.13790
8.3320,0.14363
8.3360,0.09782
8.3400,0.06881
8.3440,0.09434
8.3480,0.07838
8.3520,0.04497
8.3560,0.08788
8.3600,0.04838
8.3640,0.03078
8.3680,0.07037
8.3720,0.04118
8.3760,0.04024
8.3800,0.03542
8.3840,0.05562
8.3880,0.02272
8.3920,-0.00003
8.3960,-0.02722
8.4000,0.00244
8.4040,0.03169
8.4080,-0.00443
8.4120,-0.00557
8.4160,0.02364
8.4200,0.00824
8.4240,-0.00965
8.4280,0.00210
8.4320,-0.00366
8.4360,0.00192
8.4400,-0.00494
8.4440,-0.00330
8.4480,-0.02619
8.4520,0.00316
8.4560,-0.00159
8.4600,-0.00095
8.4640,-0.00118
8.4680,-0.01184
8.4720,-0.01630
8.4760,-0.05982
8.4800,-0.01077
8.4840,-0.05781
8.4880,-0.00811
8.4920,-0.00318
8.4960,-0.00402
8.5000,-0.01716
8.5040,-0.00147
8.5080,0.00627
8.5120,-0.01758
8.5160,-0.01492
8.5200,0.00670
8.5240,-0.00823
8.5280,0.02611
8.5320,-0.01105
8.5360,0.00083
8.5400,-0.01405
8.5440,0.00758
8.5480,0.00122
8.5520,-0.01013
8.5560,-0.00779
8.5600,0.03434
8.5640,0.02455
8.5680,0.04449
8.5720,0.05473
8.5760,0.05919
8.5800,0.10114
8.5840,0.08218
8.5880,0.08619
8.5920,0.08866
8.5960,0.12357
8.6000,0.11077
8.6040,0.13996
8.6080,0.13211
8.6120,0.11773
8.6160,0.13033
8.6200,0.12883
8.6240,0.10327
8.6280,0.11284
8.6320,0.10658
8.6360,0.09343
8.6400,0.09147
8.6440,0.06974
8.6480,0.08492
8.6520,0.08876
8.6560,0.03418
8.6600,0.00176
8.6640,0.02700
8.6680,0.01968
8.6720,0.00758
8.6760,-0.02044
8.6800,-0.00224
8.6840,-0.00090
8.6880,-0.03219
8.6920,0.00049
8.6960,-0.04940
8.7000,-0.03992
8.7040,-0.07649
8.7080,-0.13085
8.7120,-0.15970
8.7160,-0.23156
8.7200,-0.28027
8.7240,-0.41040
8.7280,-0.51014
8.7320,-0.61494
8.7360,-0.69613
8.7400,-0.69673
8.7440,-0.55625
8.7480,-0.38717
8.7520,-0.05403
8.7560,0.32564
8.7600,0.75528
8.7640,1.14006
8.7680,1.36279
8.7720,1.44825
8.7760,1.40040
8.7800,1.12025
8.7840,0.79232
8.7880,0.36896
8.7920,-0.00902
8.7960,-0.33645
8.8000,-0.58352
8.8040,-0.65635
8.8080,-0.68273
8.8120,-0.66442
8.8160,-0.57263
8.8200,-0.45054
8.8240,-0.35686
8.8280,-0.26144
8.8320,-0.15807
8.8360,-0.12160
8.8400,-0.07572
8.8440,-0.03234
8.8480,-0.05261
8.8520,-0.05085
8.8560,-0.03845
8.8600,-0.01941
8.8640,-0.02928
8.8680,-0.05882
8.8720,-0.03936
8.8760,-0.04937
8.8800,-0.04123
8.8840,-0.04601
8.8880,-0.01267
8.8920,-0.00505
8.8960,-0.01643
8.9000,-0.02628
8.9040,-0.00451
8.9080,-0.00152
8.9120,-0.01108
8.9160,-0.00399
8.9200,0.01269
8.9240,0.01686
8.9280,0.01873
8.9320,0.03513
8.9360,0.04445
8.9400,0.06121
8.9440,0.07788
8.9480,0.06471
8.9520,0.08628
8.9560,0.10084
8.9600,0.07525
8.9640,0.11216
8.9680,0.11867
8.9720,0.13910
8.9760,0.17700
8.9800,0.15493
8.9840,0.18249
8.9880,0.19773
8.9920,0.20313
8.9960,0.21492
9.0000,0.20075
9.0040,0.22688
9.0080,0.23973
9.0120,0.24674
9.0160,0.24790
9.0200,0.27682
9.0240,0.27429
9.0280,0.26134
9.0320,0.27841
9.0360,0.27084
9.0400,0.27439
9.0440,0.30952
9.0480,0.30772
9.0520,0.32574
9.0560,0.28215
9.0600,0.30692
9.0640,0.30374
9.0680,0.30075
9.0720,0.29763
9.0760,0.28971
9.0800,0.27516
9.0840,0.25518
9.0880,0.27304
9.0920,0.21091
9.0960,0.22347
9.1000,0.22925
9.1040,0.20117
9.1080,0.20909
9.1120,0.17927
9.1160,0.20238
9.1200,0.16099
9.1240,0.14498
9.1280,0.13914
9.1320,0.13870
9.1360,0.11120
9.1400,0.09115
9.1440,0.09219
9.1480,0.06984
9.1520,0.07264
9.1560,0.06296
9.1600,0.04612
9.1640,0.05696
9.1680,0.05415
9.1720,0.00312
9.1760,0.05049
9.1800,0.01715
9.1840,0.01343
9.1880,-0.01741
9.1920,-0.03366
9.1960,0.01979
9.2000,-0.00868
9.2040,0.00159
9.2080,-0.01077
9.2120,-0.04120
9.2160,-0.02894
9.2200,-0.02902
9.2240,-0.03248
9.2280,-0.03658
9.2320,-0.02583
9.2360,-0.05166
9.2400,-0.05526
9.2440,-0.04860
9.2480,-0.03833
9.2520,-0.05317
9.2560,-0.04797
9.2600,-0.03190
9.2640,-0.03628
9.2680,-0.05380
9.2720,-0.08809
9.2760,-0.06556
9.2800,-0.04857
9.2840,-0.03984
9.2880,-0.06184
9.2920,-0.04077
9.2960,-0.05451
9.3000,-0.04141
9.3040,-0.06725
9.3080,-0.05148
9.3120,-0.05108
9.3160,-0.04138
9.3200,-0.05856
9.3240,-0.04475
9.3280,-0.06523
9.3320,-0.05350
9.3360,-0.08277
9.3400,-0.05646
9.3440,-0.06212
9.3480,-0.03777
9.3520,-0.05462
9.3560,-0.03716
9.3600,-0.03612
9.3640,-0.04370
9.3680,-0.03236
9.3720,0.00004
9.3760,-0.03441
9.3800,-0.04160
9.3840,-0.02684
9.3880,-0.00716
9.3920,0.00338
9.3960,0.00211
9.4000,0.01203
9.4040,0.02085
9.4080,-0.00400
9.4120,0.05147
9.4160,0.05631
9.4200,0.07102
9.4240,0.08883
9.4280,0.09363
9.4320,0.10746
9.4360,0.09801
9.4400,0.09474
9.4440,0.11441
9.4480,0.08379
9.4520,0.12414
9.4560,0.09837
9.4600,0.10468
9.4640,0.08252
9.4680,0.08558
9.4720,0.08890
9.4760,0.05216
9.4800,0.03732
9.4840,0.04431
9.4880,0.02221
9.4920,0.04814
9.4960,0.01410
9.5000,0.00757
9.5040,0.00040
9.5080,-0.01948
9.5120,-0.02616
9.5160,0.01398
9.5200,0.00406
9.5240,-0.03539
9.5280,-0.03545
9.5320,-0.03595
9.5360,-0.06658
9.5400,-0.09807
9.5440,-0.11701
9.5480,-0.16189
9.5520,-0.22067
9.5560,-0.30781
9.5600,-0.43311
9.5640,-0.53880
9.5680,-0.64388
9.5720,-0.67828
9.5760,-0.70106
9.5800,-0.55724
9.5840,-0.37361
9.5880,-0.02790
9.5920,0.37350
9.5960,0.76900
9.6000,1.12609
9.6040,1.39053
9.6080,1.46631
9.6120,1.36454
9.6160,1.11485
9.6200,0.75673
9.6240,0.36488
9.6280,-0.05013
9.6320,-0.34515
9.6360,-0.58545
9.6400,-0.67756
9.6440,-0.70450
9.6480,-0.64895
9.6520,-0.54045
9.6560,-0.43754
9.6600,-0.31537
9.6640,-0.24024
9.6680,-0.18838
9.6720,-0.13856
9.6760,-0.09585
9.6800,-0.03942
9.6840,-0.03645
9.6880,-0.04578
9.6920,-0.03086
9.6960,-0.00615
9.7000,-0.03752
9.7040,-0.00869
9.7080,-0.00237
9.7120,-0.03312
9.7160,-0.01256
9.7200,-0.03037
9.7240,0.00969
9.7280,-0.00711
9.7320,-0.01501
9.7360,0.00997
9.7400,0.01164
9.7440,0.02361
9.7480,0.00294
9.7520,0.05811
9.7560,0.04212
9.7600,0.03030
9.7640,0.07311
9.7680,0.06059
9.7720,0.05550
9.7760,0.07132
9.7800,0.09286
9.7840,0.10378
9.7880,0.11472
9.7920,0.12216
9.7960,0.14075
9.8000,0.13884
9.8040,0.14794
9.8080,0.16305
9.8120,0.19341
9.8160,0.19288
9.8200,0.17649
9.8240,0.19727
9.8280,0.21135
9.8320,0.23970
9.8360,0.27426
9.8400,0.23782
9.8440,0.24760
9.8480,0.25906
9.8520,0.29098
9.8560,0.29222
9.8600,0.32148
9.8640,0.28944
9.8680,0.32872
9.8720,0.31934
9.8760,0.34906
9.8800,0.33688
9.8840,0.32749
9.8880,0.31919
9.8920,0.35637
9.8960,0.33018
9.9000,0.31618
9.9040,0.31807
9.9080,0.32839
9.9120,0.32439
9.9160,0.30534
9.9200,0.30399
9.9240,0.29258
9.9280,0.30704
9.9320,0.26986
9.9360,0.25695
9.9400,0.24282
9.9440,0.24399
9.9480,0.24889
9.9520,0.22528
9.9560,0.21275
9.9600,0.21757
9.9640,0.20174
9.9680,0.18164
9.9720,0.19635
9.9760,0.13326
9.9800,0.16393
9.9840,0.14532
9.9880,0.10559
9.9920,0.13280
9.9960,0.12349
10.0000,0.09454
10.0040,0.07664
10.0080,0.07254
10.0120,0.09379
10.0160,0.07428
10.0200,0.04495
10.0240,0.07690
10.0280,0.06403
10.0320,0.02720
10.0360,0.04491
10.0400,0.03692
10.0440,0.03483
10.0480,0.04038
10.0520,0.03398
10.0560,0.03856
10.0600,0.02033
10.0640,0.01598
10.0680,0.01736
10.0720,-0.02488
10.0760,0.01291
10.0800,0.03456
10.0840,0.00465
10.0880,-0.00587
10.0920,0.02068
10.0960,0.04967
10.1000,0.00600
10.1040,0.01949
10.1080,0.00557
10.1120,-0.00617
10.1160,0.00601
10.1200,0.00647
10.1240,0.00796
10.1280,-0.00372
10.1320,-0.00582
10.1360,-0.00724
10.1400,0.01422
10.1440,0.01640
10.1480,0.03212
10.1520,0.03241
10.1560,0.00836
10.1600,0.01445
10.1640,0.01585
10.1680,0.01000
10.1720,0.02640
10.1760,0.01719
10.1800,0.01912
10.1840,0.06360
10.1880,0.05945
10.1920,0.05664
10.1960,0.08559
10.2000,0.09663
10.2040,0.11871
10.2080,0.10269
10.2120,0.12190
10.2160,0.12428
10.2200,0.13119
10.2240,0.16338
10.2280,0.16313
10.2320,0.14777
10.2360,0.16824
10.2400,0.17965
10.2440,0.16887
10.2480,0.16940
10.2520,0.20171
10.2560,0.15036
10.2600,0.14739
10.2640,0.17074
10.2680,0.14219
10.2720,0.12882
10.2760,0.10260
10.2800,0.11579
10.2840,0.10911
10.2880,0.10831
10.2920,0.10186
10.2960,0.07935
10.3000,0.05704
10.3040,0.04214
10.3080,0.07614
10.3120,0.03991
10.3160,0.06063
10.3200,0.04842
10.3240,0.02670
10.3280,0.04099
10.3320,0.00346
10.3360,-0.00169
10.3400,-0.06201
10.3440,-0.11805
10.3480,-0.18990
10.3520,-0.25215
10.3560,-0.38588
10.3600,-0.50247
10.3640,-0.61643
10.3680,-0.64678
10.3720,-0.62263
10.3760,-0.50172
10.3800,-0.24198
10.3840,0.13933
10.3880,0.52848
10.3920,0.93191
10.3960,1.25313
10.4000,1.46923
10.4040,1.50592
10.4080,1.41979
10.4120,1.12568
10.4160,0.75059
10.4200,0.35276
10.4240,-0.05451
10.4280,-0.32448
10.4320,-0.55953
10.4360,-0.64690
10.4400,-0.60580
10.4440,-0.54841
10.4480,-0.44810
10.4520,-0.36798
10.4560,-0.22267
10.4600,-0.12690
10.4640,-0.08600
10.4680,-0.03989
10.4720,0.02496
10.4760,0.00702
10.4800,-0.00049
10.4840,0.04669
10.4880,0.03173
10.4920,0.05781
10.4960,0.03892
10.5000,0.04735
10.5040,0.04716
10.5080,0.04515
10.5120,0.05933
10.5160,0.08283
10.5200,0.04906
10.5240,0.07371
10.5280,0.06292
10.5320,0.07383
10.5360,0.09305
10.5400,0.08583
10.5440,0.11502
10.5480,0.07440
10.5520,0.07666
10.5560,0.10571
10.5600,0.12107
10.5640,0.14090
10.5680,0.12365
10.5720,0.14189
10.5760,0.13778
10.5800,0.17618
10.5840,0.18635
10.5880,0.18713
10.5920,0.19300
10.5960,0.20501
10.6000,0.20216
10.6040,0.20570
10.6080,0.25404
10.6120,0.26062
10.6160,0.27116
10.6200,0.26826
10.6240,0.27334
10.6280,0.31387
10.6320,0.31782
10.6360,0.32107
10.6400,0.35347
10.6440,0.37023
10.6480,0.37902
10.6520,0.35631
10.6560,0.37944
10.6600,0.39179
10.6640,0.36274
10.6680,0.42750
10.6720,0.38410
10.6760,0.40834
10.6800,0.40761
10.6840,0.41559
10.6880,0.39463
10.6920,0.38120
10.6960,0.39261
10.7000,0.39115
10.7040,0.36631
10.7080,0.39632
10.7120,0.33844
10.7160,0.37094
10.7200,0.37029
10.7240,0.33589
10.7280,0.30883
10.7320,0.32106
10.7360,0.30955
10.7400,0.29428
10.7440,0.27065
10.7480,0.32083
10.7520,0.26309
10.7560,0.24391
10.7600,0.23248
10.7640,0.23707
10.7680,0.21858
10.7720,0.18518
10.7760,0.18728
10.7800,0.18969
10.7840,0.16635
10.7880,0.17574
10.7920,0.15906
10.7960,0.15954
10.8000,0.14828
10.8040,0.13542
10.8080,0.14462
10.8120,0.09300
10.8160,0.08403
10.8200,0.08886
10.8240,0.09039
10.8280,0.08750
10.8320,0.05864
10.8360,0.10195
10.8400,0.07793
10.8440,0.07723
10.8480,0.05427
10.8520,0.06448
10.8560,0.05967
10.8600,0.06767
10.8640,0.07788
10.8680,0.06100
10.8720,0.04653
10.8760,0.06199
10.8800,0.05793
10.8840,0.04146
10.8880,0.05377
10.8920,0.02677
10.8960,0.05266
10.9000,0.00789
10.9040,0.04464
10.9080,0.06253
10.9120,0.04198
10.9160,0.05276
10.9200,0.05306
10.9240,0.04594
10.9280,0.03078
10.9320,0.03046
10.9360,0.03649
10.9400,0.05472
10.9440,0.06333
10.9480,0.03332
10.9520,0.03824
10.9560,0.04242
10.9600,0.06918
10.9640,0.03851
10.9680,0.06311
10.9720,0.04188
10.9760,0.04276
10.9800,0.03979
10.9840,0.04493
10.9880,0.03135
10.9920,0.04595
10.9960,0.03371
11.0000,0.04735
11.0040,0.02025
11.0080,0.03950
11.0120,0.04582
11.0160,0.04433
11.0200,0.02529
11.0240,0.05778
11.0280,0.03503
11.0320,0.09204
11.0360,0.08549
11.0400,0.09792
11.0440,0.07586
11.0480,0.05355
11.0520,0.11740
11.0560,0.10154
11.0600,0.13473
11.0640,0.13583
11.0680,0.13260
11.0720,0.12209
11.0760,0.13423
11.0800,0.15401
11.0840,0.16760
11.0880,0.17287
11.0920,0.18622
11.0960,0.20918
11.1000,0.21885
11.1040,0.16839
11.1080,0.20036
11.1120,0.20593
11.1160,0.18954
11.1200,0.18962
11.1240,0.16457
11.1280,0.16763
11.1320,0.15472
11.1360,0.13622
11.1400,0.12879
11.1440,0.13212
11.1480,0.11021
11.1520,0.10424
11.1560,0.09262
11.1600,0.08013
11.1640,0.06247
11.1680,0.05284
11.1720,0.06797
11.1760,0.05339
11.1800,0.03507
11.1840,0.03870
11.1880,0.04506
11.1920,0.03482
11.1960,-0.01574
11.2000,-0.01057
11.2040,-0.08878
11.2080,-0.12944
11.2120,-0.18726
11.2160,-0.31524
11.2200,-0.39661
11.2240,-0.51694
11.2280,-0.57395
11.2320,-0.60841
11.2360,-0.57460
11.2400,-0.42848
11.2440,-0.14119
11.2480,0.20120
11.2520,0.61405
11.2560,1.00755
11.2600,1.32444
11.2640,1.48847
11.2680,1.53201
11.2720,1.34858
11.2760,1.07583
11.2800,0.65588
11.2840,0.25565
11.2880,-0.09086
11.2920,-0.38825
11.2960,-0.57964
11.3000,-0.61971
11.3040,-0.61656
11.3080,-0.52794
11.3120,-0.43955
11.3160,-0.31753
11.3200,-0.19773
11.3240,-0.13896
11.3280,-0.04328
11.3320,-0.01418
11.3360,0.00373
11.3400,0.01377
11.3440,0.01446
11.3480,0.03923
11.3520,0.03325
11.3560,0.04033
11.3600,0.05478
11.3640,0.03215
11.3680,0.04895
11.3720,0.01180
11.3760,0.06339
11.3800,0.02748
11.3840,0.04781
11.3880,0.05713
11.3920,0.06112
11.3960,0.06610
11.4000,0.07146
11.4040,0.09918
11.4080,0.09322
11.4120,0.08893
11.4160,0.05663
11.4200,0.08317
11.4240,0.12262
11.4280,0.07404
11.4320,0.10593
11.4360,0.11178
11.4400,0.16259
11.4440,0.13280
11.4480,0.15190
11.4520,0.15077
11.4560,0.14793
11.4600,0.18318
11.4640,0.18202
11.4680,0.19070
11.4720,0.21444
11.4760,0.21757
11.4800,0.23462
11.4840,0.23748
11.4880,0.25831
11.4920,0.27734
11.4960,0.27963
11.5000,0.30919
11.5040,0.30296
11.5080,0.33258
11.5120,0.32764
11.5160,0.32019
11.5200,0.35867
11.5240,0.34878
11.5280,0.37292
11.5320,0.37831
11.5360,0.35037
11.5400,0.37018
11.5440,0.35116
11.5480,0.35243
11.5520,0.34715
11.5560,0.38436
11.5600,0.37610
11.5640,0.37093
11.5680,0.32383
11.5720,0.34527
11.5760,0.32317
11.5800,0.31049
11.5840,0.30880
11.5880,0.30404
11.5920,0.29183
11.5960,0.26330
11.6000,0.26260
11.6040,0.26635
11.6080,0.26578
11.6120,0.23872
11.6160,0.21070
11.6200,0.23327
11.6240,0.20673
11.6280,0.17757
11.6320,0.14903
11.6360,0.12785
11.6400,0.17057
11.6440,0.14910
11.6480,0.11935
11.6520,0.11918
11.6560,0.08753
11.6600,0.11155
11.6640,0.07219
11.6680,0.06281
11.6720,0.08862
11.6760,0.05002
11.6800,0.05454
11.6840,0.06624
11.6880,0.04656
11.6920,0.05596
11.6960,0.01698
11.7000,0.02740
11.7040,0.03667
11.7080,0.02554
11.7120,0.01891
11.7160,0.00884
11.7200,0.00752
11.7240,0.00208
11.7280,0.01642
11.7320,-0.01250
11.7360,0.00176
11.7400,0.00709
11.7440,-0.00383
11.7480,0.00849
11.7520,-0.01295
11.7560,0.00931
11.7600,0.01517
11.7640,-0.01533
11.7680,-0.01655
11.7720,-0.03102
11.7760,-0.00437
11.7800,0.02273
11.7840,-0.01454
11.7880,-0.01104
11.7920,-0.03779
11.7960,-0.02205
11.8000,0.00191
11.8040,0.00464
11.8080,0.00163
11.8120,0.00643
11.8160,-0.01573
11.8200,-0.01853
11.8240,0.01700
11.8280,-0.02257
11.8320,-0.01126
11.8360,-0.01002
11.8400,-0.01262
11.8440,-0.00779
11.8480,-0.00467
11.8520,0.00664
11.8560,0.00442
11.8600,0.02850
11.8640,0.01428
11.8680,0.02323
11.8720,0.03718
11.8760,0.01909
11.8800,0.04112
11.8840,0.07163
11.8880,0.07647
11.8920,0.08244
11.8960,0.09708
11.9000,0.08315
11.9040,0.11123
11.9080,0.10575
11.9120,0.12679
11.9160,0.14926
11.9200,0.10791
11.9240,0.15034
11.9280,0.11555
11.9320,0.12891
11.9360,0.10101
11.9400,0.10365
11.9440,0.08294
11.9480,0.10963
11.9520,0.11138
11.9560,0.06168
11.9600,0.05423
11.9640,0.06695
11.9680,0.02658
11.9720,0.00945
11.9760,0.03048
11.9800,0.01201
11.9840,0.02398
11.9880,-0.00218
11.9920,-0.03429
11.9960,0.01521
12.0000,-0.02601
12.0040,-0.01905
12.0080,-0.03899
12.0120,-0.07599
12.0160,-0.11046
12.0200,-0.10466
12.0240,-0.17119
12.0280,-0.22925
12.0320,-0.35113
12.0360,-0.46113
12.0400,-0.57992
12.0440,-0.68665
12.0480,-0.69094
12.0520,-0.66615
12.0560,-0.52219
12.0600,-0.27077
12.0640,0.09181
12.0680,0.47307
12.0720,0.86805
12.0760,1.21307
12.0800,1.44778
12.0840,1.46208
12.0880,1.32195
12.0920,1.02898
12.0960,0.64680
12.1000,0.22417
12.1040,-0.14490
12.1080,-0.42886
12.1120,-0.63763
12.1160,-0.70313
12.1200,-0.70963
12.1240,-0.63434
12.1280,-0.52462
12.1320,-0.40634
12.1360,-0.30497
12.1400,-0.19757
12.1440,-0.13479
12.1480,-0.11116
12.1520,-0.08049
12.1560,-0.06998
12.1600,-0.02255
12.1640,-0.02267
12.1680,-0.05106
12.1720,-0.03498
12.1760,-0.01148
12.1800,-0.03559
12.1840,-0.03491
12.1880,-0.01122
12.1920,-0.03280
12.1960,0.01116
12.2000,-0.01341
12.2040,-0.02231
12.2080,-0.05387
12.2120,0.00379
12.2160,-0.02443
12.2200,0.00597
12.2240,0.01088
12.2280,0.01946
12.2320,-0.00567
12.2360,0.01367
12.2400,0.03890
12.2440,0.04759
12.2480,0.06931
12.2520,0.04452
12.2560,0.04397
12.2600,0.05003
12.2640,0.08580
12.2680,0.11077
12.2720,0.09782
12.2760,0.10757
12.2800,0.14046
12.2840,0.14044
12.2880,0.14763
12.2920,0.15608
12.2960,0.17701
12.3000,0.18290
12.3040,0.20699
12.3080,0.19899
12.3120,0.22560
12.3160,0.22081
12.3200,0.22403
12.3240,0.26429
12.3280,0.25990
12.3320,0.26009
12.3360,0.26051
12.3400,0.27787
12.3440,0.30754
12.3480,0.29780
12.3520,0.31355
12.3560,0.30961
12.3600,0.31977
12.3640,0.30430
12.3680,0.31271
12.3720,0.27294
12.3760,0.30018
12.3800,0.26095
12.3840,0.29931
12.3880,0.31971
12.3920,0.26830
12.3960,0.28592
12.4000,0.26821
12.4040,0.24200
12.4080,0.22799
12.4120,0.23245
12.4160,0.21552
12.4200,0.20391
12.4240,0.18761
12.4280,0.17229
12.4320,0.15171
12.4360,0.13010
12.4400,0.13957
12.4440,0.13394
12.4480,0.09597
12.4520,0.09462
12.4560,0.07064
12.4600,0.09547
12.4640,0.08936
12.4680,0.05525
12.4720,0.05219
12.4760,0.04965
12.4800,0.03259
12.4840,0.03643
12.4880,0.04768
12.4920,0.02890
12.4960,0.01948
12.5000,0.02896
12.5040,-0.02319
12.5080,-0.00399
12.5120,-0.03859
12.5160,0.00815
12.5200,-0.01077
12.5240,-0.02634
12.5280,-0.03510
12.5320,-0.03951
12.5360,-0.03761
12.5400,-0.05926
12.5440,-0.04503
12.5480,-0.04703
12.5520,-0.05350
12.5560,-0.05002
12.5600,-0.04701
12.5640,-0.04051
12.5680,-0.03260
12.5720,-0.05145
12.5760,-0.07575
12.5800,-0.04984
12.5840,-0.05883
12.5880,-0.04750
12.5920,-0.06969
12.5960,-0.06028
12.6000,-0.06097
12.6040,-0.04361
12.6080,-0.06054
12.6120,-0.06082
12.6160,-0.05355
12.6200,-0.04459
12.6240,-0.06032
12.6280,-0.07182
12.6320,-0.06331
12.6360,-0.04936
12.6400,-0.04478
12.6440,-0.02711
12.6480,-0.06707
12.6520,-0.06034
12.6560,-0.03581
12.6600,-0.06024
12.6640,-0.04251
12.6680,-0.03685
12.6720,-0.04975
12.6760,-0.03631
12.6800,-0.02072
12.6840,-0.03389
12.6880,-0.03330
12.6920,-0.02087
12.6960,-0.01985
12.7000,-0.01371
12.7040,-0.04108
12.7080,-0.03334
12.7120,-0.03465
12.7160,-0.02478
12.7200,-0.03296
12.7240,-0.02271
12.7280,-0.00148
12.7320,-0.01459
12.7360,0.00995
12.7400,0.01210
12.7440,0.05336
12.7480,0.06665
12.7520,0.06816
12.7560,0.08159
12.7600,0.10106
12.7640,0.10072
12.7680,0.10300
12.7720,0.07802
12.7760,0.07917
12.7800,0.10616
12.7840,0.12084
12.7880,0.10655
12.7920,0.10328
12.7960,0.07626
12.8000,0.07751
12.8040,0.10046
12.8080,0.06461
12.8120,0.05569
12.8160,0.03670
12.8200,0.06419
12.8240,0.01601
12.8280,0.03168
12.8320,-0.01003
12.8360,-0.02580
12.8400,-0.00159
12.8440,-0.01723
12.8480,0.00028
12.8520,-0.01174
12.8560,-0.00864
12.8600,-0.03447
12.8640,-0.04389
12.8680,-0.05687
12.8720,-0.04070
12.8760,-0.11223
12.8800,-0.13251
12.8840,-0.24243
12.8880,-0.33262
12.8920,-0.40438
12.8960,-0.52872
12.9000,-0.65204
12.9040,-0.66198
12.9080,-0.68156
12.9120,-0.60374
12.9160,-0.43096
12.9200,-0.12828
12.9240,0.22312
12.9280,0.65077
12.9320,1.03462
12.9360,1.33929
12.9400,1.46874
12.9440,1.41180
12.9480,1.20708
12.9520,0.91108
12.9560,0.47155
12.9600,0.06651
12.9640,-0.26200
12.9680,-0.54153
12.9720,-0.68140
12.9760,-0.68867
12.9800,-0.65276
12.9840,-0.56654
12.9880,-0.42794
12.9920,-0.34135
12.9960,-0.23927
13.0000,-0.19596
13.0040,-0.12670
13.0080,-0.09766
13.0120,-0.05300
13.0160,-0.03469
13.0200,-0.03810
13.0240,-0.02594
13.0280,-0.01130
13.0320,-0.01368
13.0360,-0.00631
13.0400,-0.01578
13.0440,-0.02245
13.0480,-0.02427
13.0520,-0.01966
13.0560,0.00573
13.0600,0.00743
13.0640,-0.00030
13.0680,0.00971
13.0720,-0.01089
13.0760,0.01906
13.0800,0.02753
13.0840,0.01396
13.0880,0.04186
13.0920,0.02628
13.0960,0.05770
13.1000,0.05815
13.1040,0.07851
13.1080,0.08691
13.1120,0.10571
13.1160,0.08722
13.1200,0.11636
13.1240,0.10985
13.1280,0.12642
13.1320,0.13546
13.1360,0.13570
13.1400,0.16384
13.1440,0.19134
13.1480,0.18145
13.1520,0.21451
13.1560,0.17123
13.1600,0.24734
13.1640,0.21772
13.1680,0.25386
13.1720,0.28007
13.1760,0.24776
13.1800,0.28590
13.1840,0.31051
13.1880,0.30112
13.1920,0.30618
13.1960,0.31583
13.2000,0.32585
13.2040,0.33607
13.2080,0.34068
13.2120,0.32644
13.2160,0.33189
13.2200,0.35324
13.2240,0.36152
13.2280,0.33746
13.2320,0.33201
13.2360,0.34054
13.2400,0.34411
13.2440,0.32647
13.2480,0.31973
13.2520,0.32426
13.2560,0.30990
13.2600,0.30990
13.2640,0.28574
13.2680,0.27115
13.2720,0.25940
13.2760,0.23470
13.2800,0.24968
13.2840,0.22209
13.2880,0.24085
13.2920,0.19278
13.2960,0.19453
13.3000,0.17071
13.3040,0.17071
13.3080,0.14470
13.3120,0.13351
13.3160,0.13654
13.3200,0.13702
13.3240,0.14235
13.3280,0.13096
13.3320,0.08143
13.3360,0.08680
13.3400,0.11400
13.3440,0.06831
13.3480,0.06528
13.3520,0.05492
13.3560,0.06537
13.3600,0.06627
13.3640,0.04896
13.3680,0.03209
13.3720,0.05113
13.3760,0.03727
13.3800,0.01162
13.3840,0.01476
13.3880,0.04471
13.3920,0.04492
13.3960,0.02130
13.4000,0.03182
13.4040,0.03267
13.4080,0.01205
13.4120,0.01190
13.4160,0.02227
13.4200,0.02543
13.4240,-0.00051
13.4280,0.00949
13.4320,0.02426
13.4360,0.03584
13.4400,0.00899
13.4440,0.00174
13.4480,0.00508
13.4520,0.00644
13.4560,0.01105
13.4600,-0.00689
13.4640,0.02496
13.4680,-0.01848
13.4720,-0.01123
13.4760,0.00469
13.4800,0.02298
13.4840,0.00276
13.4880,0.02024
13.4920,0.01612
13.4960,-0.00997
13.5000,0.03465
13.5040,0.01432
13.5080,0.01840
13.5120,-0.00319
13.5160,0.01738
13.5200,0.03346
13.5240,0.01808
13.5280,0.01037
13.5320,0.02485
13.5360,0.02791
13.5400,0.04498
13.5440,0.05231
13.5480,0.05775
13.5520,0.04618
13.5560,0.07823
13.5600,0.02901
13.5640,0.07654
13.5680,0.07075
13.5720,0.05868
13.5760,0.08092
13.5800,0.10934
13.5840,0.12035
13.5880,0.12118
13.5920,0.14127
13.5960,0.13885
13.6000,0.16587
13.6040,0.16779
13.6080,0.15240
13.6120,0.17573
13.6160,0.18773
13.6200,0.16494
13.6240,0.15272
13.6280,0.16338
13.6320,0.17479
13.6360,0.15162
13.6400,0.16059
13.6440,0.11783
13.6480,0.11733
13.6520,0.12832
13.6560,0.11589
13.6600,0.09779
13.6640,0.08263
13.6680,0.09685
13.6720,0.07160
13.6760,0.09174
13.6800,0.06116
13.6840,0.05580
13.6880,0.04253
13.6920,0.06156
13.6960,0.01847
13.7000,0.04236
13.7040,0.01360
13.7080,-0.01710
13.7120,-0.02459
13.7160,-0.08360
13.7200,-0.11143
13.7240,-0.22121
13.7280,-0.32941
13.7320,-0.44223
13.7360,-0.50691
13.7400,-0.60642
13.7440,-0.63999
13.7480,-0.56134
13.7520,-0.40669
13.7560,-0.13221
13.7600,0.24664
13.7640,0.65216
13.7680,1.01041
13.7720,1.34622
13.7760,1.52926
13.7800,1.51867
13.7840,1.34150
13.7880,0.99432
13.7920,0.64755
13.7960,0.21283
13.8000,-0.13728
13.8040,-0.39553
13.8080,-0.55440
13.8120,-0.64015
13.8160,-0.59609
13.8200,-0.52808
13.8240,-0.41509
13.8280,-0.30130
13.8320,-0.18618
13.8360,-0.12852
13.8400,-0.03693
13.8440,-0.01363
13.8480,-0.02627
13.8520,0.02558
13.8560,0.01114
13.8600,0.04850
13.8640,0.04747
13.8680,0.05049
13.8720,0.08602
13.8760,0.04884
13.8800,0.06334
13.8840,0.10645
13.8880,0.07870
13.8920,0.06932
13.8960,0.07574
13.9000,0.06897
13.9040,0.08831
13.9080,0.06233
13.9120,0.08721
13.9160,0.07906
13.9200,0.10259
13.9240,0.12152
13.9280,0.08828
13.9320,0.11573
13.9360,0.12933
13.9400,0.12161
13.9440,0.14212
13.9480,0.15987
13.9520,0.16174
13.9560,0.16077
13.9600,0.19348
13.9640,0.21354
13.9680,0.20317
13.9720,0.22840
13.9760,0.22888
13.9800,0.21695
13.9840,0.26073
13.9880,0.27782
13.9920,0.29175
13.9960,0.28311
14.0000,0.33731
14.0040,0.31806
14.0080,0.32012
14.0120,0.31238
14.0160,0.32808
14.0200,0.34137
14.0240,0.34086
14.0280,0.39437
14.0320,0.38724
14.0360,0.35044
14.0400,0.38839
14.0440,0.39657
14.0480,0.39630
14.0520,0.43942
14.0560,0.38905
14.0600,0.42436
14.0640,0.39650
14.0680,0.42981
14.0720,0.34759
14.0760,0.39151
14.0800,0.41344
14.0840,0.38529
14.0880,0.35135
14.0920,0.33405
14.0960,0.33974
14.1000,0.32377
14.1040,0.31114
14.1080,0.34660
14.1120,0.30953
14.1160,0.28412
14.1200,0.26900
14.1240,0.25332
14.1280,0.27035
14.1320,0.25421
14.1360,0.22581
14.1400,0.25152
14.1440,0.20075
14.1480,0.19330
14.1520,0.19511
14.1560,0.16502
14.1600,0.17739
14.1640,0.13965
14.1680,0.13897
14.1720,0.16670
14.1760,0.13689
14.1800,0.13273
14.1840,0.11118
14.1880,0.12478
14.1920,0.10403
14.1960,0.08445
14.2000,0.11749
14.2040,0.09427
14.2080,0.10186
14.2120,0.07760
14.2160,0.06409
14.2200,0.08073
14.2240,0.07808
14.2280,0.07563
14.2320,0.07591
14.2360,0.05280
14.2400,0.09047
14.2440,0.07017
14.2480,0.07150
14.2520,0.02872
14.2560,0.03197
14.2600,0.03919
14.2640,0.02886
14.2680,0.04855
14.2720,0.05843
14.2760,0.05583
14.2800,0.06204
14.2840,0.08881
14.2880,0.03184
14.2920,0.03711
14.2960,0.06596
14.3000,0.04046
14.3040,0.02879
14.3080,0.03579
14.3120,0.05217
14.3160,0.04958
14.3200,0.04847
14.3240,0.05323
14.3280,0.05436
14.3320,0.02949
14.3360,0.03797
14.3400,0.05839
14.3440,0.05324
14.3480,0.02772
14.3520,0.04511
14.3560,0.05007
14.3600,0.02721
14.3640,0.00306
14.3680,0.03223
14.3720,0.06242
14.3760,0.02621
14.3800,0.05023
14.3840,0.02887
14.3880,0.04018
14.3920,0.07985
14.3960,0.05790
14.4000,0.07836
14.4040,0.01404
14.4080,0.05494
14.4120,0.07005
14.4160,0.06679
14.4200,0.06639
14.4240,0.05707
14.4280,0.09693
14.4320,0.07492
14.4360,0.11555
14.4400,0.10022
14.4440,0.12576
14.4480,0.10084
14.4520,0.12891
14.4560,0.15029
14.4600,0.13475
14.4640,0.14045
14.4680,0.15738
14.4720,0.16603
14.4760,0.20806
14.4800,0.15301
14.4840,0.17963
14.4880,0.21478
14.4920,0.18797
14.4960,0.20944
14.5000,0.18387
14.5040,0.17120
14.5080,0.19755
14.5120,0.17148
14.5160,0.15137
14.5200,0.12417
14.5240,0.12792
14.5280,0.10985
14.5320,0.09455
14.5360,0.11684
14.5400,0.07459
14.5440,0.06299
14.5480,0.09220
14.5520,0.06691
14.5560,0.03145
14.5600,0.06213
14.5640,0.03514
14.5680,0.04146
14.5720,0.04151
14.5760,0.04941
14.5800,0.01135
14.5840,-0.04598
14.5880,-0.05336
14.5920,-0.14554
14.5960,-0.23593
14.6000,-0.31366
14.6040,-0.42810
14.6080,-0.56094
14.6120,-0.60389
14.6160,-0.63525
14.6200,-0.53561
14.6240,-0.40974
14.6280,-0.11411
14.6320,0.28153
14.6360,0.67645
14.6400,1.05796
14.6440,1.36875
14.6480,1.47735
14.6520,1.50173
14.6560,1.30129
14.6600,0.95749
14.6640,0.59384
14.6680,0.17270
14.6720,-0.15766
14.6760,-0.43052
14.6800,-0.58991
14.6840,-0.63991
14.6880,-0.59328
14.6920,-0.55079
14.6960,-0.39364
14.7000,-0.29611
14.7040,-0.18289
14.7080,-0.13514
14.7120,-0.07772
14.7160,-0.04604
14.7200,0.00659
14.7240,-0.00113
14.7280,0.03128
14.7320,0.03103
14.7360,0.02494
14.7400,0.03049
14.7440,0.04581
14.7480,0.03238
14.7520,0.04597
14.7560,0.00671
14.7600,0.02460
14.7640,0.03428
14.7680,0.06063
14.7720,0.04022
14.7760,0.06111
14.7800,0.04792
14.7840,0.04423
14.7880,0.06052
14.7920,0.06629
14.7960,0.08586
14.8000,0.09336
14.8040,0.10177
14.8080,0.11620
14.8120,0.10486
14.8160,0.08988
14.8200,0.10252
14.8240,0.12388
14.8280,0.15703
14.8320,0.13395
14.8360,0.14140
14.8400,0.17525
14.8440,0.17202
14.8480,0.20741
14.8520,0.19622
14.8560,0.21198
14.8600,0.22571
14.8640,0.23576
14.8680,0.23924
14.8720,0.24716
14.8760,0.28059
14.8800,0.27925
14.8840,0.29266
14.8880,0.28310
14.8920,0.31241
14.8960,0.32798
14.9000,0.33962
14.9040,0.36491
14.9080,0.33635
14.9120,0.34673
14.9160,0.33437
14.9200,0.33126
14.9240,0.36955
14.9280,0.33592
14.9320,0.35995
14.9360,0.36626
14.9400,0.37833
14.9440,0.36111
14.9480,0.35916
14.9520,0.34809
14.9560,0.34692
14.9600,0.31237
14.9640,0.34699
14.9680,0.29580
14.9720,0.28495
14.9760,0.30396
14.9800,0.30772
14.9840,0.27388
14.9880,0.26166
14.9920,0.22741
14.9960,0.21974
15.0000,0.19645
15.0040,0.18734
15.0080,0.21296
15.0120,0.15350
15.0160,0.17577
15.0200,0.16836
15.0240,0.13640
15.0280,0.13122
15.0320,0.06349
15.0360,0.11008
15.0400,0.08373
15.0440,0.05424
15.0480,0.08616
15.0520,0.05783
15.0560,0.06119
15.0600,0.05518
15.0640,0.05943
15.0680,0.03972
15.0720,0.03245
15.0760,0.02511
15.0800,0.02402
15.0840,0.03670
15.0880,0.03173
15.0920,0.00789
15.0960,0.01109
15.1000,0.00508
15.1040,-0.01139
15.1080,0.03559
15.1120,-0.01005
15.1160,0.00847
15.1200,-0.00131
15.1240,0.01107
15.1280,-0.04119
15.1320,0.00408
15.1360,0.00030
15.1400,-0.04874
15.1440,-0.00598
15.1480,-0.00140
15.1520,-0.02980
15.1560,-0.02036
15.1600,-0.01667
15.1640,-0.02605
15.1680,-0.01971
15.1720,0.01219
15.1760,-0.00630
15.1800,-0.01191
15.1840,-0.00297
15.1880,-0.02859
15.1920,-0.03848
15.1960,-0.02222
15.2000,-0.01387
15.2040,-0.01255
15.2080,-0.02300
15.2120,-0.04250
15.2160,-0.00834
15.2200,-0.02641
15.2240,-0.02225
15.2280,0.00354
15.2320,-0.00582
15.2360,0.02260
15.2400,0.00086
15.2440,0.00702
15.2480,0.01071
15.2520,0.02236
15.2560,0.02487
15.2600,0.03746
15.2640,0.04238
15.2680,0.06478
15.2720,0.07971
15.2760,0.07145
15.2800,0.08191
15.2840,0.10486
15.2880,0.12985
15.2920,0.10091
15.2960,0.11477
15.3000,0.12579
15.3040,0.16046
15.3080,0.10850
15.3120,0.15151
15.3160,0.13187
15.3200,0.11553
15.3240,0.07684
15.3280,0.08373
15.3320,0.08237
15.3360,0.09029
15.3400,0.06040
15.3440,0.06357
15.3480,0.04690
15.3520,0.02630
15.3560,0.03026
15.3600,0.02342
15.3640,-0.00539
15.3680,0.00167
15.3720,0.02271
15.3760,0.00268
15.3800,0.01025
15.3840,-0.02359
15.3880,-0.04085
15.3920,-0.05757
15.3960,-0.07136
15.4000,-0.05149
15.4040,-0.15128
15.4080,-0.21067
15.4120,-0.29701
15.4160,-0.36931
15.4200,-0.48039
15.4240,-0.59204
15.4280,-0.66817
15.4320,-0.70474
15.4360,-0.67392
15.4400,-0.50673
15.4440,-0.22148
15.4480,0.10133
15.4520,0.53054
15.4560,0.91255
15.4600,1.25142
15.4640,1.43151
15.4680,1.44156
15.4720,1.28647
15.4760,0.99456
15.4800,0.60714
15.4840,0.20797
15.4880,-0.20286
15.4920,-0.46115
15.4960,-0.63715
15.5000,-0.70527
15.5040,-0.70460
15.5080,-0.62868
15.5120,-0.50117
15.5160,-0.39360
15.5200,-0.28055
15.5240,-0.24968
15.5280,-0.13162
15.5320,-0.10453
15.5360,-0.06795
15.5400,-0.04112
15.5440,-0.03454
15.5480,-0.04623
15.5520,-0.04312
15.5560,-0.02977
15.5600,-0.03051
15.5640,-0.01533
15.5680,-0.06779
15.5720,-0.02513
15.5760,-0.00142
15.5800,-0.01165
15.5840,-0.01708
15.5880,-0.00179
15.5920,-0.03116
15.5960,-0.00940
15.6000,0.00322
15.6040,0.01816
15.6080,0.00147
15.6120,0.00476
15.6160,0.01045
15.6200,0.02373
15.6240,0.01509
15.6280,0.04444
15.6320,0.05686
15.6360,0.07336
15.6400,0.08715
15.6440,0.05468
15.6480,0.09622
15.6520,0.07984
15.6560,0.09262
15.6600,0.12593
15.6640,0.12500
15.6680,0.16146
15.6720,0.14659
15.6760,0.17860
15.6800,0.18326
15.6840,0.20897
15.6880,0.20271
15.6920,0.21338
15.6960,0.20782
15.7000,0.22571
15.7040,0.23901
15.7080,0.22801
15.7120,0.25658
15.7160,0.25736
15.7200,0.27650
15.7240,0.27943
15.7280,0.32102
15.7320,0.27732
15.7360,0.27650
15.7400,0.27598
15.7440,0.29762
15.7480,0.31118
15.7520,0.30551
15.7560,0.30287
15.7600,0.33140
15.7640,0.31320
15.7680,0.30925
15.7720,0.28148
15.7760,0.27640
15.7800,0.28588
15.7840,0.24638
15.7880,0.25056
15.7920,0.20392
15.7960,0.19881
15.8000,0.20637
15.8040,0.21413
15.8080,0.16864
15.8120,0.18638
15.8160,0.17127
15.8200,0.13764
15.8240,0.13874
15.8280,0.14651
15.8320,0.14326
15.8360,0.11301
15.8400,0.10635
15.8440,0.05321
15.8480,0.07152
15.8520,0.05313
15.8560,0.05634
15.8600,0.05688
15.8640,0.01904
15.8680,0.04156
15.8720,0.00484
15.8760,-0.01679
15.8800,0.02055
15.8840,0.02457
15.8880,0.01584
15.8920,-0.01769
15.8960,-0.00621
15.9000,-0.03925
15.9040,-0.01968
15.9080,-0.00359
15.9120,0.00212
15.9160,-0.05051
15.9200,-0.03556
15.9240,-0.03291
15.9280,-0.03136
15.9320,-0.02533
15.9360,-0.05221
15.9400,-0.03691
15.9440,-0.05696
15.9480,-0.01156
15.9520,-0.07097
15.9560,-0.07663
15.9600,-0.06546
15.9640,-0.05339
15.9680,-0.04391
15.9720,-0.03882
15.9760,-0.04598
15.9800,-0.04063
15.9840,-0.04166
15.9880,-0.07646
15.9920,-0.06451
15.9960,-0.04462
16.0000,-0.05910
16.0040,-0.05345
16.0080,-0.04742
16.0120,-0.03516
16.0160,-0.03066
16.0200,-0.03149
16.0240,-0.04776
16.0280,-0.00179
16.0320,-0.03902
16.0360,-0.04387
16.0400,-0.04787
16.0440,-0.02789
16.0480,-0.02418
16.0520,-0.03301
16.0560,-0.03625
16.0600,-0.03506
16.0640,-0.00842
16.0680,0.01467
16.0720,-0.01975
16.0760,-0.02183
16.0800,-0.00748
16.0840,0.02693
16.0880,0.01244
16.0920,0.03725
16.0960,0.06394
16.1000,0.04102
16.1040,0.06396
16.1080,0.07448
16.1120,0.09220
16.1160,0.10279
16.1200,0.07312
16.1240,0.11584
16.1280,0.09873
16.1320,0.08798
16.1360,0.10765
16.1400,0.10545
16.1440,0.11482
16.1480,0.08199
16.1520,0.10391
16.1560,0.08491
16.1600,0.06046
16.1640,0.06164
16.1680,0.05732
16.1720,0.05035
16.1760,0.02883
16.1800,0.02050
16.1840,0.02711
16.1880,0.00907
16.1920,-0.01824
16.1960,-0.02599
16.2000,-0.01004
16.2040,-0.01570
16.2080,-0.03277
16.2120,-0.02705
16.2160,-0.03526
16.2200,-0.07406
16.2240,-0.05468
16.2280,-0.12364
16.2320,-0.16217
16.2360,-0.26117
16.2400,-0.35147
16.2440,-0.45022
16.2480,-0.57088
16.2520,-0.65795
16.2560,-0.69995
16.2600,-0.69066
16.2640,-0.56551
16.2680,-0.34356
16.2720,-0.03574
16.2760,0.34875
16.2800,0.78409
16.2840,1.11856
16.2880,1.38413
16.2920,1.46976
16.2960,1.38876
16.3000,1.10605
16.3040,0.78053
16.3080,0.36938
16.3120,-0.03122
16.3160,-0.35464
16.3200,-0.56027
16.3240,-0.71543
16.3280,-0.67614
16.3320,-0.64152
16.3360,-0.53289
16.3400,-0.45079
16.3440,-0.32686
16.3480,-0.22497
16.3520,-0.18435
16.3560,-0.08696
16.3600,-0.05924
16.3640,-0.02985
16.3680,-0.02652
16.3720,-0.02190
16.3760,-0.02853
16.3800,-0.01609
16.3840,-0.01574
16.3880,0.00896
16.3920,-0.02728
16.3960,-0.00964
16.4000,-0.00737
16.4040,-0.00263
16.4080,-0.01067
16.4120,0.01076
16.4160,0.01388
16.4200,-0.00543
16.4240,-0.00942
16.4280,0.02992
16.4320,0.01058
16.4360,0.03665
16.4400,0.03457
16.4440,0.04864
16.4480,0.03766
16.4520,0.04775
16.4560,0.08033
16.4600,0.04194
16.4640,0.10241
16.4680,0.10691
16.4720,0.12007
16.4760,0.10828
16.4800,0.12054
16.4840,0.13021
16.4880,0.15146
16.4920,0.18347
16.4960,0.19204
16.5000,0.20225
16.5040,0.18561
16.5080,0.24148
16.5120,0.20777
16.5160,0.25125
16.5200,0.25867
16.5240,0.24497
16.5280,0.25986
16.5320,0.27062
16.5360,0.27821
16.5400,0.30726
16.5440,0.32601
16.5480,0.30450
16.5520,0.32955
16.5560,0.32218
16.5600,0.37511
16.5640,0.35705
16.5680,0.35286
16.5720,0.35257
16.5760,0.35310
16.5800,0.32629
16.5840,0.34848
16.5880,0.30835
16.5920,0.31030
16.5960,0.32663
16.6000,0.32234
16.6040,0.30620
16.6080,0.31579
16.6120,0.28379
16.6160,0.30212
16.6200,0.27817
16.6240,0.26684
16.6280,0.23951
16.6320,0.22039
16.6360,0.23899
16.6400,0.20904
16.6440,0.17145
16.6480,0.19804
16.6520,0.17414
16.6560,0.16857
16.6600,0.15579
16.6640,0.11719
16.6680,0.13721
16.6720,0.14045
16.6760,0.10914
16.6800,0.12301
16.6840,0.09906
16.6880,0.09427
16.6920,0.08860
16.6960,0.06925
16.7000,0.10224
16.7040,0.07048
16.7080,0.04951
16.7120,0.06139
16.7160,0.05182
16.7200,0.04386
16.7240,0.03962
16.7280,0.04488
16.7320,0.01269
16.7360,0.01842
16.7400,0.00767
16.7440,0.00510
16.7480,-0.01405
16.7520,0.01715
16.7560,0.01269
16.7600,0.00202
16.7640,0.01186
16.7680,0.03999
16.7720,0.02818
16.7760,-0.01798
16.7800,0.01069
16.7840,0.03193
16.7880,0.01502
16.7920,0.01790
16.7960,0.01724
16.8000,-0.00068
16.8040,0.02367
16.8080,0.02928
16.8120,0.00711
16.8160,0.01831
16.8200,0.00624
16.8240,0.02163
16.8280,0.03763
16.8320,0.03355
16.8360,-0.00880
16.8400,0.00553
16.8440,0.00925
16.8480,0.02887
16.8520,0.01682
16.8560,0.01859
16.8600,0.00229
16.8640,0.04055
16.8680,0.02696
16.8720,-0.00478
16.8760,0.04171
16.8800,0.00879
16.8840,0.03129
16.8880,0.01801
16.8920,0.02541
16.8960,0.05716
16.9000,0.03545
16.9040,0.04046
16.9080,0.04727
16.9120,0.05850
16.9160,0.07859
16.9200,0.08367
16.9240,0.08479
16.9280,0.10499
16.9320,0.10006
16.9360,0.12154
16.9400,0.13214
16.9440,0.13591
16.9480,0.14422
16.9520,0.16110
16.9560,0.15700
16.9600,0.19241
16.9640,0.17679
16.9680,0.18801
16.9720,0.15759
16.9760,0.18885
16.9800,0.18480
16.9840,0.18056
16.9880,0.19537
16.9920,0.16665
16.9960,0.16116
17.0000,0.14946
17.0040,0.14713
17.0080,0.10982
17.0120,0.09175
17.0160,0.10581
17.0200,0.11211
17.0240,0.06811
17.0280,0.08292
17.0320,0.06926
17.0360,0.03631
17.0400,0.06079
17.0440,0.04133
17.0480,0.02379
17.0520,0.06856
17.0560,0.02861
17.0600,0.03581
17.0640,-0.00827
17.0680,-0.01104
17.0720,-0.07267
17.0760,-0.12784
17.0800,-0.20530
17.0840,-0.32205
17.0880,-0.44241
17.0920,-0.52859
17.0960,-0.62131
17.1000,-0.63702
17.1040,-0.55526
17.1080,-0.39021
17.1120,-0.12055
17.1160,0.24321
17.1200,0.66447
17.1240,1.09818
17.1280,1.34170
17.1320,1.51894
17.1360,1.50479
17.1400,1.32945
17.1440,1.01377
17.1480,0.60740
17.1520,0.19885
17.1560,-0.13313
17.1600,-0.42124
17.1640,-0.56961
17.1680,-0.65794
17.1720,-0.61826
17.1760,-0.51165
17.1800,-0.41817
17.1840,-0.29815
17.1880,-0.18379
17.1920,-0.10702
17.1960,-0.05680
17.2000,-0.04377
17.2040,0.02646
17.2080,0.02813
17.2120,0.03810
17.2160,0.04946
17.2200,0.04575
17.2240,0.02500
17.2280,0.07157
17.2320,0.04271
17.2360,0.03604
17.2400,0.07735
17.2440,0.06360
17.2480,0.07323
17.2520,0.05100
17.2560,0.07942
17.2600,0.08684
17.2640,0.11308
17.2680,0.07485
17.2720,0.06541
17.2760,0.07898
17.2800,0.09338
17.2840,0.14445
17.2880,0.10688
17.2920,0.14164
17.2960,0.13989
17.3000,0.12574
17.3040,0.15715
17.3080,0.15418
17.3120,0.15493
17.3160,0.20514
17.3200,0.17590
17.3240,0.20171
17.3280,0.22771
17.3320,0.21851
17.3360,0.24859
17.3400,0.25083
17.3440,0.24900
17.3480,0.30231
17.3520,0.29972
17.3560,0.32191
17.3600,0.32341
17.3640,0.32317
17.3680,0.32859
17.3720,0.31939
17.3760,0.34573
17.3800,0.37040
17.3840,0.36053
17.3880,0.36906
17.3920,0.39142
17.3960,0.39673
17.4000,0.37047
17.4040,0.38180
17.4080,0.38357
17.4120,0.38083
17.4160,0.41185
17.4200,0.40685
17.4240,0.41352
17.4280,0.38009
17.4320,0.37707
17.4360,0.36122
17.4400,0.40847
17.4440,0.36801
17.4480,0.34236
17.4520,0.32708
17.4560,0.33069
17.4600,0.32104
17.4640,0.32583
17.4680,0.32889
17.4720,0.29882
17.4760,0.28995
17.4800,0.26865
17.4840,0.28048
17.4880,0.25295
17.4920,0.23329
17.4960,0.26504
17.5000,0.20220
17.5040,0.21199
17.5080,0.17951
17.5120,0.18073
17.5160,0.15759
17.5200,0.17782
17.5240,0.14772
17.5280,0.14552
17.5320,0.15326
17.5360,0.14626
17.5400,0.12537
17.5440,0.09706
17.5480,0.07755
17.5520,0.09616
17.5560,0.08257
17.5600,0.09775
17.5640,0.06244
17.5680,0.09063
17.5720,0.04723
17.5760,0.07279
17.5800,0.08975
17.5840,0.06682
17.5880,0.06437
17.5920,0.08594
17.5960,0.03146
17.6000,0.06080
17.6040,0.08218
17.6080,0.04337
17.6120,0.05962
17.6160,0.06241
17.6200,0.05919
17.6240,0.05877
17.6280,0.07561
17.6320,0.02899
17.6360,0.06423
17.6400,0.07225
17.6440,0.07026
17.6480,0.05040
17.6520,0.05236
17.6560,0.04300
17.6600,0.06098
17.6640,0.05502
17.6680,0.05174
17.6720,0.04712
17.6760,0.05919
17.6800,0.09943
17.6840,0.05734
17.6880,0.05510
17.6920,0.08111
17.6960,0.07122
17.7000,0.06220
17.7040,0.09750
17.7080,0.10057
17.7120,0.12232
17.7160,0.13137
17.7200,0.15370
17.7240,0.13301
17.7280,0.15801
17.7320,0.16476
17.7360,0.17347
17.7400,0.20782
17.7440,0.21399
17.7480,0.19506
17.7520,0.19966
17.7560,0.20234
17.7600,0.20089
17.7640,0.19763
17.7680,0.16109
17.7720,0.17823
17.7760,0.17499
17.7800,0.12846
17.7840,0.13944
17.7880,0.10285
17.7920,0.08941
17.7960,0.10431
17.8000,0.11297
17.8040,0.10904
17.8080,0.08531
17.8120,0.05781
17.8160,0.08197
17.8200,0.05329
17.8240,0.05585
17.8280,0.04837
17.8320,0.06168
17.8360,0.05521
17.8400,0.02606
17.8440,0.00845
17.8480,-0.04189
17.8520,-0.10982
17.8560,-0.16717
17.8600,-0.24031
17.8640,-0.36751
17.8680,-0.48400
17.8720,-0.57793
17.8760,-0.64238
17.8800,-0.59851
17.8840,-0.47485
17.8880,-0.28757
17.8920,0.05666
17.8960,0.42024
17.9000,0.86511
17.9040,1.20684
17.9080,1.44017
17.9120,1.52686
17.9160,1.43649
17.9200,1.19301
17.9240,0.80882
17.9280,0.40648
17.9320,0.00567
17.9360,-0.28277
17.9400,-0.50693
17.9440,-0.61007
17.9480,-0.63700
17.9520,-0.54608
17.9560,-0.48565
17.9600,-0.37740
17.9640,-0.24700
17.9680,-0.18564
17.9720,-0.08146
17.9760,-0.04214
17.9800,-0.00819
17.9840,0.02365
17.9880,0.03899
17.9920,0.03192
17.9960,0.03767
18.0000,0.02654
18.0040,0.00478
18.0080,0.03328
18.0120,0.01567
18.0160,0.03954
18.0200,0.06478
18.0240,0.04464
18.0280,0.05770
18.0320,0.04812
18.0360,0.05934
18.0400,0.05680
18.0440,0.07965
18.0480,0.06939
18.0520,0.04445
18.0560,0.06429
18.0600,0.07942
18.0640,0.07511
18.0680,0.09942
18.0720,0.09770
18.0760,0.08466
18.0800,0.13093
18.0840,0.12527
18.0880,0.12848
18.0920,0.14929
18.0960,0.15663
18.1000,0.15174
18.1040,0.17624
18.1080,0.17285
18.1120,0.23269
18.1160,0.21315
18.1200,0.23057
18.1240,0.25423
18.1280,0.27140
18.1320,0.25604
18.1360,0.29516
18.1400,0.25071
18.1440,0.31165
18.1480,0.33327
18.1520,0.32130
18.1560,0.33124
18.1600,0.33959
18.1640,0.32471
18.1680,0.33751
18.1720,0.34920
18.1760,0.37420
18.1800,0.37206
18.1840,0.37400
18.1880,0.37201
18.1920,0.36704
18.1960,0.36399
18.2000,0.35193
18.2040,0.34803
18.2080,0.35951
18.2120,0.37020
18.2160,0.34028
18.2200,0.35352
18.2240,0.33131
18.2280,0.30099
18.2320,0.30124
18.2360,0.31029
18.2400,0.28480
18.2440,0.26697
18.2480,0.26501
18.2520,0.24892
18.2560,0.23364
18.2600,0.20183
18.2640,0.20909
18.2680,0.19371
18.2720,0.19504
18.2760,0.18144
18.2800,0.16230
18.2840,0.18387
18.2880,0.15012
18.2920,0.13715
18.2960,0.08963
18.3000,0.08025
18.3040,0.11246
18.3080,0.07223
18.3120,0.06896
18.3160,0.06128
18.3200,0.07736
18.3240,0.06870
18.3280,0.05893
18.3320,0.05454
18.3360,0.02549
18.3400,0.03598
18.3440,0.06581
18.3480,0.01481
18.3520,-0.00239
18.3560,0.00359
18.3600,0.00518
18.3640,0.00833
18.3680,0.01583
18.3720,0.01448
18.3760,0.00339
18.3800,0.00631
18.3840,-0.00035
18.3880,-0.01419
18.3920,0.00199
18.3960,0.01381
18.4000,0.01763
18.4040,-0.02116
18.4080,0.00328
18.4120,-0.00928
18.4160,-0.01269
18.4200,-0.01583
18.4240,0.00164
18.4280,-0.02134
18.4320,-0.03573
18.4360,-0.01856
18.4400,0.00902
18.4440,-0.01591
18.4480,-0.00829
18.4520,-0.01560
18.4560,0.00510
18.4600,-0.00451
18.4640,0.02435
18.4680,-0.00217
18.4720,-0.03349
18.4760,-0.01349
18.4800,0.00926
18.4840,-0.04060
18.4880,0.01346
18.4920,-0.01558
18.4960,-0.02442
18.5000,-0.02670
18.5040,-0.01776
18.5080,-0.01359
18.5120,-0.02493
18.5160,-0.01763
18.5200,0.01195
18.5240,-0.02180
18.5280,-0.00664
18.5320,0.00905
18.5360,0.02522
18.5400,0.00155
18.5440,0.01458
18.5480,0.00121
18.5520,0.02840
18.5560,0.03917
18.5600,0.04634
18.5640,0.04652
18.5680,0.06497
18.5720,0.04688
18.5760,0.09637
18.5800,0.07019
18.5840,0.08383
18.5880,0.08430
18.5920,0.10400
18.5960,0.12216
18.6000,0.14066
18.6040,0.15071
18.6080,0.14565
18.6120,0.12373
18.6160,0.10700
18.6200,0.10679
18.6240,0.10336
18.6280,0.10359
18.6320,0.08453
18.6360,0.08579
18.6400,0.04406
18.6440,0.04999
18.6480,0.03636
18.6520,0.02750
18.6560,0.02583
18.6600,0.01811
18.6640,0.01225
18.6680,-0.00083
18.6720,0.00410
18.6760,-0.01455
18.6800,-0.03311
18.6840,-0.01213
18.6880,-0.04668
18.6920,-0.02288
18.6960,-0.08104
18.7000,-0.10616
18.7040,-0.12908
18.7080,-0.18893
18.7120,-0.28119
18.7160,-0.37539
18.7200,-0.47323
18.7240,-0.57961
18.7280,-0.69874
18.7320,-0.68481
18.7360,-0.65295
18.7400,-0.46670
18.7440,-0.17334
18.7480,0.16285
18.7520,0.56115
18.7560,0.95987
18.7600,1.26022
18.7640,1.45189
18.7680,1.43223
18.7720,1.23813
18.7760,0.93741
18.7800,0.54230
18.7840,0.15249
18.7880,-0.20772
18.7920,-0.48395
18.7960,-0.64117
18.8000,-0.70571
18.8040,-0.66689
18.8080,-0.61413
18.8120,-0.46950
18.8160,-0.40428
18.8200,-0.30021
18.8240,-0.19066
18.8280,-0.14009
18.8320,-0.10405
18.8360,-0.05757
18.8400,-0.03228
18.8440,-0.04971
18.8480,-0.02691
18.8520,-0.03267
18.8560,-0.05672
18.8600,-0.03002
18.8640,-0.01610
18.8680,-0.03569
18.8720,-0.00548
18.8760,-0.02181
18.8800,-0.00706
18.8840,-0.01794
18.8880,-0.01475
18.8920,-0.00372
18.8960,-0.02930
18.9000,-0.01217
18.9040,0.01652
18.9080,0.00733
18.9120,0.00492
18.9160,0.02262
18.9200,0.05249
18.9240,0.00294
18.9280,0.04016
18.9320,0.04230
18.9360,0.04210
18.9400,0.09470
18.9440,0.07117
18.9480,0.10164
18.9520,0.07757
18.9560,0.08565
18.9600,0.08531
18.9640,0.14370
18.9680,0.17630
18.9720,0.16874
18.9760,0.16051
18.9800,0.16811
18.9840,0.19190
18.9880,0.20584
18.9920,0.18868
18.9960,0.24871
19.0000,0.23303
19.0040,0.25860
19.0080,0.28472
19.0120,0.28921
19.0160,0.25637
19.0200,0.26421
19.0240,0.26102
19.0280,0.30857
19.0320,0.27062
19.0360,0.30557
19.0400,0.28925
19.0440,0.30174
19.0480,0.28989
19.0520,0.28955
19.0560,0.31153
19.0600,0.29846
19.0640,0.28694
19.0680,0.29451
19.0720,0.25881
19.0760,0.27549
19.0800,0.24850
19.0840,0.25288
19.0880,0.24597
19.0920,0.24640
19.0960,0.20961
19.1000,0.20778
19.1040,0.17379
19.1080,0.18631
19.1120,0.19166
19.1160,0.19446
19.1200,0.15110
19.1240,0.11876
19.1280,0.14111
19.1320,0.11198
19.1360,0.10911
19.1400,0.10268
19.1440,0.09063
19.1480,0.04860
19.1520,0.06620
19.1560,0.03443
19.1600,0.05488
19.1640,0.05967
19.1680,0.03420
19.1720,-0.01507
19.1760,0.02514
19.1800,0.00011
19.1840,0.01622
19.1880,0.02528
19.1920,0.00844
19.1960,-0.02321
19.2000,-0.04019
19.2040,-0.02143
19.2080,-0.03789
19.2120,-0.00382
19.2160,-0.01661
19.2200,-0.04548
19.2240,-0.02138
19.2280,-0.04615
19.2320,-0.02331
19.2360,-0.04659
19.2400,-0.02843
19.2440,-0.05411
19.2480,-0.06813
19.2520,-0.06436
19.2560,-0.05174
19.2600,-0.04682
19.2640,-0.07160
19.2680,-0.04819
19.2720,-0.03527
19.2760,-0.03400
19.2800,-0.05553
19.2840,-0.07181
19.2880,-0.00950
19.2920,-0.07071
19.2960,-0.04756
19.3000,-0.02341
19.3040,-0.05356
19.3080,-0.04749
19.3120,-0.05488
19.3160,-0.04710
19.3200,-0.03954
19.3240,-0.04400
19.3280,-0.06219
19.3320,-0.03477
19.3360,-0.02845
19.3400,-0.06927
19.3440,-0.06471
19.3480,-0.04623
19.3520,-0.04200
19.3560,-0.02926
19.3600,-0.04029
19.3640,-0.05299
19.3680,-0.02452
19.3720,-0.04256
19.3760,-0.03077
19.3800,-0.05470
19.3840,-0.03520
19.3880,-0.02983
19.3920,0.00010
19.3960,-0.04683
19.4000,-0.02211
19.4040,-0.01494
19.4080,-0.01526
19.4120,-0.02441
19.4160,-0.01521
19.4200,-0.00271
19.4240,0.00968
19.4280,0.03350
19.4320,0.03042
19.4360,0.01291
19.4400,0.01420
19.4440,0.05179
19.4480,0.06151
19.4520,0.08155
19.4560,0.08101
19.4600,0.07392
19.4640,0.08659
19.4680,0.09591
19.4720,0.08879
19.4760,0.09762
19.4800,0.10835
19.4840,0.09811
19.4880,0.10754
19.4920,0.10527
19.4960,0.09798
19.5000,0.08374
19.5040,0.06467
19.5080,0.04640
19.5120,0.06629
19.5160,0.04710
19.5200,0.04522
19.5240,0.01290
19.5280,0.01537
19.5320,-0.01640
19.5360,0.00256
19.5400,-0.02236
19.5440,-0.02922
19.5480,-0.02028
19.5520,-0.03100
19.5560,-0.03419
19.5600,-0.04885
19.5640,-0.04021
19.5680,-0.05937
19.5720,-0.09294
19.5760,-0.13541
19.5800,-0.20935
19.5840,-0.25536
19.5880,-0.36736
19.5920,-0.49905
19.5960,-0.59771
19.6000,-0.70332
19.6040,-0.71687
19.6080,-0.62455
19.6120,-0.44017
19.6160,-0.16565
19.6200,0.17401
19.6240,0.59102
19.6280,0.96723
19.6320,1.28119
19.6360,1.47119
19.6400,1.44001
19.6440,1.24888
19.6480,0.93874
19.6520,0.52689
19.6560,0.15772
19.6600,-0.20398
19.6640,-0.46778
19.6680,-0.67345
19.6720,-0.69994
19.6760,-0.67069
19.6800,-0.55302
19.6840,-0.49661
19.6880,-0.36168
19.6920,-0.27068
19.6960,-0.17766
19.7000,-0.13472
19.7040,-0.09901
19.7080,-0.05290
19.7120,-0.03367
19.7160,-0.03621
19.7200,-0.01235
19.7240,-0.00740
19.7280,-0.00563
19.7320,-0.01278
19.7360,0.00279
19.7400,0.01236
19.7440,-0.02447
19.7480,-0.00975
19.7520,-0.00174
19.7560,-0.00195
19.7600,0.00559
19.7640,0.00364
19.7680,-0.01661
19.7720,0.00745
19.7760,-0.00977
19.7800,0.05633
19.7840,0.03033
19.7880,0.02370
19.7920,0.01503
19.7960,0.07200
19.8000,0.07112
19.8040,0.04512
19.8080,0.07734
19.8120,0.09482
19.8160,0.10203
19.8200,0.11766
19.8240,0.13156
19.8280,0.13763
19.8320,0.12822
19.8360,0.17935
19.8400,0.17363
19.8440,0.18090
19.8480,0.19905
19.8520,0.21627
19.8560,0.20416
19.8600,0.23077
19.8640,0.24666
19.8680,0.26449
19.8720,0.29775
19.8760,0.27923
19.8800,0.29598
19.8840,0.30617
19.8880,0.30256
19.8920,0.32173
19.8960,0.31478
19.9000,0.35758
19.9040,0.35617
19.9080,0.33954
19.9120,0.33945
19.9160,0.33738
19.9200,0.34924
19.9240,0.31378
19.9280,0.33490
19.9320,0.33105
19.9360,0.33281
19.9400,0.32816
19.9440,0.31024
19.9480,0.32227
19.9520,0.32979
19.9560,0.30316
19.9600,0.29127
19.9640,0.28109
19.9680,0.27286
19.9720,0.24000
19.9760,0.23378
19.9800,0.23459
19.9840,0.23203
19.9880,0.21700
19.9920,0.19992
19.9960,0.14398
